Workbook

Sheet DECLARACIONES SALUD
A1: Fecha | B1: Agente | C1: Patología | D1: Tipo | E1: Resultado | F1: Comentario / Acción | G1: Buscador
A2: 45323 | B2: Bianca | C2: Glomerulo esclerosis renal con HTA y proteinuria Hace 1 año | D2: Autoinmunes, reumatológicas, de la sangre, infecciosas o dermatológicas | E2: No asegurable | G2: =IF(IFERROR(FIND(LOWER('Buscador Patologías'!$P$3),C2,1),0)<>0,1,IF(IFERROR(FIND('Buscador Patologías'!$B$3,C2,1),0)=0,0,1)) -> 1
A3: 45323 | B3: Bianca | C3: Sertralina antidepresivo + secuelas de hernia discal | D3: Traumatología | E3: No asegurable | G3: =IF(IFERROR(FIND(LOWER('Buscador Patologías'!$P$3),C3,1),0)<>0,1,IF(IFERROR(FIND('Buscador Patologías'!$B$3,C3,1),0)=0,0,1)) -> 0
A4: 45323 | B4: Lorena | C4: Autismo, Síndrome de Asperger | D4: Psiquiátrica | E4: Exclusión | F4: Necesario informe médico para valorar. | G4: =IF(IFERROR(FIND(LOWER('Buscador Patologías'!$P$3),C4,1),0)<>0,1,IF(IFERROR(FIND('Buscador Patologías'!$B$3,C4,1),0)=0,0,1)) -> 0
A5: 45323 | B5: Belén | C5: Artritis Reumatoide | D5: Autoinmunes, reumatológicas, de la sangre, infecciosas o dermatológicas | E5: Exclusión | F5: 90% de casos son Rechazo directo. Necesario informe médico para valorar. | G5: =IF(IFERROR(FIND(LOWER('Buscador Patologías'!$P$3),C5,1),0)<>0,1,IF(IFERROR(FIND('Buscador Patologías'!$B$3,C5,1),0)=0,0,1)) -> 0
A6: 45323 | B6: Belén | C6: Stent. Endoprótesis vasculares (endoprotesis, stem, sten, marcapasos, stent, estent, esten, wallstent) | D6: Cardíaca | E6: No asegurable | F6: Rechazo directo. | G6: =IF(IFERROR(FIND(LOWER('Buscador Patologías'!$P$3),C6,1),0)<>0,1,IF(IFERROR(FIND('Buscador Patologías'!$B$3,C6,1),0)=0,0,1)) -> 0
A7: 45323 | B7: Pilar | C7: Altura 170 cm, Peso 93 Kg, Resultado Índice de masa corporal (IMC) = 32,2 | D7: Obesidad | E7: Exclusión | F7: Excluidos los ingresos, y procedimientos para el estudio diagnóstico y/o tratamiento médico, endoscópicoo quirúrgico de la obesidad. Si en el futuro baja peso se puede solicitar una nueva selección de riesgo aportando nuevo cuestionario e informes sobre la exclusión. No hay un tiempo específico, lo puede solicitar incluso el año que viene. Dicho esto, no significa que una vez que lo aporte se le quite la exclusión dependerá de la valoración del departamento médico. | G7: =IF(IFERROR(FIND(LOWER('Buscador Patologías'!$P$3),C7,1),0)<>0,1,IF(IFERROR(FIND('Buscador Patologías'!$B$3,C7,1),0)=0,0,1)) -> 0
A8: 45325 | B8: Pilar | C8: Diabetes tipo 1 (se pincha insulina, diabético, diabética, diabete) | D8: Autoinmunes, reumatológicas, de la sangre, infecciosas o dermatológicas | E8: No asegurable | F8: Rechazo directo. | G8: =IF(IFERROR(FIND(LOWER('Buscador Patologías'!$P$3),C8,1),0)<>0,1,IF(IFERROR(FIND('Buscador Patologías'!$B$3,C8,1),0)=0,0,1)) -> 0
A9: 45323 | B9: Héctor | C9: SENIORS. Diabetes Tipo 1 (se pincha insulina, diabético, diabética, diabete) | D9: Autoinmunes, reumatológicas, de la sangre, infecciosas o dermatológicas | E9: No asegurable | F9: Necesario informe médico para valorar. | G9: =IF(IFERROR(FIND(LOWER('Buscador Patologías'!$P$3),C9,1),0)<>0,1,IF(IFERROR(FIND('Buscador Patologías'!$B$3,C9,1),0)=0,0,1)) -> 0
A10: 45323 | B10: Héctor | C10: Parkinson | D10: Neurología | E10: No asegurable | F10: Enfermedad degenerativa. Rechazo directo. | G10: =IF(IFERROR(FIND(LOWER('Buscador Patologías'!$P$3),C10,1),0)<>0,1,IF(IFERROR(FIND('Buscador Patologías'!$B$3,C10,1),0)=0,0,1)) -> 0
A11: 45323 | B11: Lorena | C11: SENIORS. Diabetes Tipo 2 (tratamiento con pastillas) | D11: Autoinmunes, reumatológicas, de la sangre, infecciosas o dermatológicas | E11: Aceptado | F11: No es necesario aportar informe, pasa limpia. | G11: =IF(IFERROR(FIND(LOWER('Buscador Patologías'!$P$3),C11,1),0)<>0,1,IF(IFERROR(FIND('Buscador Patologías'!$B$3,C11,1),0)=0,0,1)) -> 0
A12: 45324 | B12: Pilar | C12: Hiperuricemia (gota), anemia ferropénica. deficit B12, diabetes,... | D12: Autoinmunes, reumatológicas, de la sangre, infecciosas o dermatológicas | E12: No asegurable | F12: Necesario informe médico para valorar. Rechazada. | G12: =IF(IFERROR(FIND(LOWER('Buscador Patologías'!$P$3),C12,1),0)<>0,1,IF(IFERROR(FIND('Buscador Patologías'!$B$3,C12,1),0)=0,0,1)) -> 0
A13: 45325 | B13: Héctor | C13: Hígado grasiento diagnosticado hace más de 20 años (higado, hígado graso) | D13: Digestiva, hernias, hepatitis y páncreas | E13: No asegurable | F13: Rechazo directo. | G13: =IF(IFERROR(FIND(LOWER('Buscador Patologías'!$P$3),C13,1),0)<>0,1,IF(IFERROR(FIND('Buscador Patologías'!$B$3,C13,1),0)=0,0,1)) -> 0
A14: 45323 | B14: Yésica | C14: Operación de femur hace más de 40 años (fémur) (pierna, rodilla, cadera). | D14: Traumatología | E14: Exclusión | F14: 2-EXCLUSIÓN RETIRADA, SUSTITUCIÓN Y/O RECAMBIO DEL MATERIAL DE OSTEOSÍNTESIS FEMUR INTERVENIDO (MEDIOS DE DIAGNÓSTICO, TRATAMIENTOS E INGRESOS), ASÍ COMO POR SUS COMPLICACIONES, CONSECUENCIAS Y/O SECUELAS. Necesario firmar la exclusión para poder asegurar. Tardarán varios días en enviarte la carta de exclusión, paciencia. | G14: =IF(IFERROR(FIND(LOWER('Buscador Patologías'!$P$3),C14,1),0)<>0,1,IF(IFERROR(FIND('Buscador Patologías'!$B$3,C14,1),0)=0,0,1)) -> 0
A15: 45323 | B15: Pilar | C15: Desprendimiento de retina. | D15: Oftalmología | E15: Exclusión | F15: EXCLUSION DE LOS MEDIOS DE DIAGNOSTICO , TRATAMIENTOS E INGRESOS RELACIONADOS CON LAS COMPLICACIONES , CONSECUENCIAS Y/O SECUELAS DE DESPRENDIMIENTO DE RETINA | G15: =IF(IFERROR(FIND(LOWER('Buscador Patologías'!$P$3),C15,1),0)<>0,1,IF(IFERROR(FIND('Buscador Patologías'!$B$3,C15,1),0)=0,0,1)) -> 0
... A21: 45352 | B21: Lorena | C21: Hipotiroidismo, tiroides, hipertiroidismo, hipotiroides, hipertiroides, sin operar toma pastillas Eutirox | D21: Sistema Endocrino y Metabólico | E21: Exclusión | F21: EXCLUSION AFECCIONES DE TIROIDES: MEDIOS DE DIAGNOSTICO , TRATAMIENTOS E INGRESOS , ASI COMO POR SUS COMPLICACIONES , CONSECUENCIAS Y/O SECUELAS | G21: =IF(IFERROR(FIND(LOWER('Buscador Patologías'!$P$3),C21,1),0)<>0,1,IF(IFERROR(FIND('Buscador Patologías'!$B$3,C21,1),0)=0,0,1)) -> 0
A22: 45352 | B22: Pilar | C22: Le han quitado miomas, (mioma) | E22: Exclusión | F22: EXCLUSION DE LOS MEDIOS DE DIAGNOSTICO , TRATAMIENTOS E INGRESOS RELACIONADOS CON LAS RECIDIVAS , COMPLICACIONES , CONSECUENCIAS Y/O SECUELAS DE TUMORES BENIGNOS DE UTERO (1) , METRORRAGIAS (2) | G22: =IF(IFERROR(FIND(LOWER('Buscador Patologías'!$P$3),C22,1),0)<>0,1,IF(IFERROR(FIND('Buscador Patologías'!$B$3,C22,1),0)=0,0,1)) -> 0
A23: 45352 | B23: Yésica | C23: Hace 10 años corte de ligamentos y menisco de la rodilla izquierda, ingresada y operada, sin secuelas en la actualidad, lleva una grapa. | D23: Traumatología | E23: Exclusión | F23: EXCLUSIÓN DE MEDIOS DIAGNÓSTICOS, TRATAMIENTO E INGRESOS RELACIONADOS CON LAS RECIDIVAS, COMPLICACIONES, CONSECUENCIAS Y/O SECUELAS DE RODILLA IZQUIERDA INTERVENIDA. | G23: =IF(IFERROR(FIND(LOWER('Buscador Patologías'!$P$3),C23,1),0)<>0,1,IF(IFERROR(FIND('Buscador Patologías'!$B$3,C23,1),0)=0,0,1)) -> 0
A24: 45352 | B24: Yésica | C24: Prótesis en las dos rodillas hace 12 años | D24: Traumatología | E24: Exclusión | F24: HISTORIAL MÉDICO COMPLETO Y ACTUALIZADO QUE INCLUYA DIAGNÓSTICOS EN VIGOR,ANTECEDENTES MÉDICO.QUIRÚRGICOS, TRATAMIENTOS, SITUACIÓN ACTUAL | G24: =IF(IFERROR(FIND(LOWER('Buscador Patologías'!$P$3),C24,1),0)<>0,1,IF(IFERROR(FIND('Buscador Patologías'!$B$3,C24,1),0)=0,0,1)) -> 0
A25: 45352 | B25: Héctor | C25: La causa de rechazo es IMC de la asegurada Rocío Hidalgo. Edad 13 años, estatura 159,5 y peso 86,5. Obesidad. IMC = 34 | D25: Obesidad | E25: No asegurable | G25: =IF(IFERROR(FIND(LOWER('Buscador Patologías'!$P$3),C25,1),0)<>0,1,IF(IFERROR(FIND('Buscador Patologías'!$B$3,C25,1),0)=0,0,1)) -> 0
A26: 45383 | B26: Yésica | C26: SENIOR operada en los dos ojos de miopia | D26: Oftalmología | E26: Aceptado | F26: Aceptado sin carencias y sin exclusiones, PASA LIMPIA. | G26: =IF(IFERROR(FIND(LOWER('Buscador Patologías'!$P$3),C26,1),0)<>0,1,IF(IFERROR(FIND('Buscador Patologías'!$B$3,C26,1),0)=0,0,1)) -> 0
A27: 45384 | B27: Yésica | C27: SENIOR diabético tipo 2, toma 2 pastillas distintas por la diabetes, | D27: Autoinmunes, reumatológicas, de la sangre, infecciosas o dermatológicas | E27: Aceptado | F27: Aceptado sin carencias y sin exclusiones, PASA LIMPIA. | G27: =IF(IFERROR(FIND(LOWER('Buscador Patologías'!$P$3),C27,1),0)<>0,1,IF(IFERROR(FIND('Buscador Patologías'!$B$3,C27,1),0)=0,0,1)) -> 0
A28: 45385 | B28: Yésica | C28: SENIOR hipertensión | D28: Cardíaca | E28: Aceptado | F28: Aceptado sin carencias y sin exclusiones, PASA LIMPIA. | G28: =IF(IFERROR(FIND(LOWER('Buscador Patologías'!$P$3),C28,1),0)<>0,1,IF(IFERROR(FIND('Buscador Patologías'!$B$3,C28,1),0)=0,0,1)) -> 0
A29: 45386 | B29: Lorena | C29: Operada de tiroides, toma Eutirox. Debe aportar informe médico, si no puede conseguirlo hay que hacerle una carta jurada para que declare la enfermedad que tiene y que confirme que acepta la máxima exclusíon posible. Si en un futuro aporta informe se puede mandar a Adeslas para valorarlo nuevamente. | D29: Sistema Endocrino y Metabólico | E29: Exclusión | F29: SE PRECISA INFORMACIÓN MÉDICA ACTUALIZADA SOBRE TIROIDECTOMÍA: DIAGNÓSTICO/CAUSA/MOTIVO, LOCALIZACIÓN, FECHAS, TRATAMIENTO, PRONÓSTICO Y SITUACIÓN ACTUAL | G29: =IF(IFERROR(FIND(LOWER('Buscador Patologías'!$P$3),C29,1),0)<>0,1,IF(IFERROR(FIND('Buscador Patologías'!$B$3,C29,1),0)=0,0,1)) -> 0
A30: 45385 | B30: Yésica | C30: SENIORS 80 años de edad que hace 12 años le pusieron un STENT. Pesa 68kg y mide 167cm. No tiene ningún tipo de recaída y secuela durante todos estos años. | D30: Cardíaca | E30: No asegurable | G30: =IF(IFERROR(FIND(LOWER('Buscador Patologías'!$P$3),C30,1),0)<>0,1,IF(IFERROR(FIND('Buscador Patologías'!$B$3,C30,1),0)=0,0,1)) -> 0
A31: 45386 | B31: Lorena | C31: SENIORS diabetes tipo 2 + hipertensión + operación de cadera menos de 1 año | D31: Traumatología | E31: No asegurable | G31: =IF(IFERROR(FIND(LOWER('Buscador Patologías'!$P$3),C31,1),0)<>0,1,IF(IFERROR(FIND('Buscador Patologías'!$B$3,C31,1),0)=0,0,1)) -> 0
A32: 45413 | B32: Lorena | C32: Extirpación de vesícula, le quitaron la vesícula | E32: Exclusión | G32: =IF(IFERROR(FIND(LOWER('Buscador Patologías'!$P$3),C32,1),0)<>0,1,IF(IFERROR(FIND('Buscador Patologías'!$B$3,C32,1),0)=0,0,1)) -> 0
A33: 45413 | B33: Yésica | C33: Tea leve, sin mediación, autismo, recién diagnosticado, sin tratamiento. | D33: Psiquiátrica | E33: Exclusión | F33: EXCLUSIÓN DE LOS MEDIOS DE DIAGNÓSTICO, TRATAMIENTOS E INGRESOS RELACIONADOS CON LAS COMPLICACIONES, CONSECUENCIAS Y/O SECUELAS DE TRASTORNO DEL ESPECTRO AUTISTA (TEA) | G33: =IF(IFERROR(FIND(LOWER('Buscador Patologías'!$P$3),C33,1),0)<>0,1,IF(IFERROR(FIND('Buscador Patologías'!$B$3,C33,1),0)=0,0,1)) -> 0
A34: 45413 | B34: Yésica | C34: Lleva una placa con tornillos en el radio hace 25 años | D34: Traumatología | E34: Exclusión | F34: EXCLUSION RETIRADA , SUSTITUCION Y/O RECAMBIO DEL MATERIAL DE OSTEOSINTESIS (MEDIOS DE DIAGNOSTICO , TRATAMIENTOS E INGRESOS) , ASI COMO POR SUS COMPLICACIONES , CONSECUENCIAS Y/O SECUELAS | G34: =IF(IFERROR(FIND(LOWER('Buscador Patologías'!$P$3),C34,1),0)<>0,1,IF(IFERROR(FIND('Buscador Patologías'!$B$3,C34,1),0)=0,0,1)) -> 0
A35: 45413 | B35: Lorena | C35: Meningioma pequeño | D35: Autoinmunes, reumatológicas, de la sangre, infecciosas o dermatológicas | E35: No asegurable | G35: =IF(IFERROR(FIND(LOWER('Buscador Patologías'!$P$3),C35,1),0)<>0,1,IF(IFERROR(FIND('Buscador Patologías'!$B$3,C35,1),0)=0,0,1)) -> 0
A36: 45413 | B36: Yésica | C36: Reducción de estómago en el 2018, hace 6 años. | D36: Obesidad | E36: No asegurable | F36: RECHAZO DIRECTO | G36: =IF(IFERROR(FIND(LOWER('Buscador Patologías'!$P$3),C36,1),0)<>0,1,IF(IFERROR(FIND('Buscador Patologías'!$B$3,C36,1),0)=0,0,1)) -> 0
A37: 45413 | B37: Yésica | C37: Tiene un lado de cadera operada y el otro sin operar | D37: Traumatología | E37: Exclusión | F37: NECESARIO INFORME MÉDICO DE LAS DOS CADERAS PARA CONTINUAR CON LA VALORACIÓN | G37: =IF(IFERROR(FIND(LOWER('Buscador Patologías'!$P$3),C37,1),0)<>0,1,IF(IFERROR(FIND('Buscador Patologías'!$B$3,C37,1),0)=0,0,1)) -> 0
A38: 45413 | B38: Héctor | C38: Operación de cataratas en los dos ojos | D38: Oftalmología | E38: Exclusión | F38: EXCLUSIÓN DE CATARATAS | G38: =IF(IFERROR(FIND(LOWER('Buscador Patologías'!$P$3),C38,1),0)<>0,1,IF(IFERROR(FIND('Buscador Patologías'!$B$3,C38,1),0)=0,0,1)) -> 0
A39: 45413 | B39: Héctor | C39: Operación apendicitis de niño | D39: Traumatología | E39: Aceptado | F39: PASA LIMPIA | G39: =IF(IFERROR(FIND(LOWER('Buscador Patologías'!$P$3),C39,1),0)<>0,1,IF(IFERROR(FIND('Buscador Patologías'!$B$3,C39,1),0)=0,0,1)) -> 0
A40: 45413 | B40: Héctor | C40: Vasectomia para operar en seguridad social | D40: Renal, Urológia o Ginecológica | E40: Aceptado | G40: =IF(IFERROR(FIND(LOWER('Buscador Patologías'!$P$3),C40,1),0)<>0,1,IF(IFERROR(FIND('Buscador Patologías'!$B$3,C40,1),0)=0,0,1)) -> 0
A41: 45444 | B41: Yésica | C41: Asma y Fuma medio paquete al día | D41: Respiratoria | E41: No asegurable | F41: ASMA Y FUMA RECHAZO DIRECTO | G41: =IF(IFERROR(FIND(LOWER('Buscador Patologías'!$P$3),C41,1),0)<>0,1,IF(IFERROR(FIND('Buscador Patologías'!$B$3,C41,1),0)=0,0,1)) -> 0
A42: 45444 | B42: Yésica | C42: SENIORS tensión alta, azúcar y una hernia inguinal que se la han quitado hace años | D42: Traumatología | E42: Aceptado | F42: PASA LIMPIA | G42: =IF(IFERROR(FIND(LOWER('Buscador Patologías'!$P$3),C42,1),0)<>0,1,IF(IFERROR(FIND('Buscador Patologías'!$B$3,C42,1),0)=0,0,1)) -> 0
A43: 45444 | B43: Héctor | C43: Hiperuricemia | D43: Autoinmunes, reumatológicas, de la sangre, infecciosas o dermatológicas | E43: No asegurable | F43: RECHAZO DIRECTO | G43: =IF(IFERROR(FIND(LOWER('Buscador Patologías'!$P$3),C43,1),0)<>0,1,IF(IFERROR(FIND('Buscador Patologías'!$B$3,C43,1),0)=0,0,1)) -> 0
A44: 45444 | B44: Héctor | C44: SENIORS Cirugía mayor reciente sea cual sea la edad y el estado del paciente | D44: Traumatología | E44: No asegurable | F44: RECHAZO DIRECTO | G44: =IF(IFERROR(FIND(LOWER('Buscador Patologías'!$P$3),C44,1),0)<>0,1,IF(IFERROR(FIND('Buscador Patologías'!$B$3,C44,1),0)=0,0,1)) -> 0
A45: 45444 | B45: Héctor | C45: Cirugía mayor reciente sea cual sea la edad y el estado del paciente | D45: Traumatología | E45: No asegurable | F45: RECHAZO DIRECTO | G45: =IF(IFERROR(FIND(LOWER('Buscador Patologías'!$P$3),C45,1),0)<>0,1,IF(IFERROR(FIND('Buscador Patologías'!$B$3,C45,1),0)=0,0,1)) -> 0
A46: 45444 | B46: Héctor | C46: Artrosis | D46: Autoinmunes, reumatológicas, de la sangre, infecciosas o dermatológicas | E46: Exclusión | F46: NECESARIO INFORME MÉDICO PARA VALORAR, COMO MÍNIMO EXCLUSIÓN DE ARTROSIS. Y ES POSIBLE QUE NO SEA ASEGURABLE. | G46: =IF(IFERROR(FIND(LOWER('Buscador Patologías'!$P$3),C46,1),0)<>0,1,IF(IFERROR(FIND('Buscador Patologías'!$B$3,C46,1),0)=0,0,1)) -> 0
A47: 45444 | B47: Héctor | C47: SENIORS Operación de uretra | E47: Exclusión | F47: EXCLUSION DE LOS MEDIOS DE DIAGNOSTICO , TRATAMIENTOS E INGRESOS RELACIONADOS CON LAS RECIDIVAS , COMPLICACIONES , CONSECUENCIAS Y/O SECUELAS DE TTO DE PROSTATA DECLARADO Y SUS CAUSAS | G47: =IF(IFERROR(FIND(LOWER('Buscador Patologías'!$P$3),C47,1),0)<>0,1,IF(IFERROR(FIND('Buscador Patologías'!$B$3,C47,1),0)=0,0,1)) -> 0
A48: 45444 | B48: Héctor | C48: SENIORS Prostatitis en tratamiento. | D48: Renal, Urológia o Ginecológica | E48: No asegurable | F48: RECHAZO DIRECTO | G48: =IF(IFERROR(FIND(LOWER('Buscador Patologías'!$P$3),C48,1),0)<>0,1,IF(IFERROR(FIND('Buscador Patologías'!$B$3,C48,1),0)=0,0,1)) -> 0
A49: 45444 | B49: Héctor | C49: SENIORS Próstata operada no indica fecha de la operación | D49: Renal, Urológia o Ginecológica | E49: Exclusión | F49: LO IDEAL ES INDICAR LA FECHA DE LA OPERACIÓN Y EL ALTA | G49: =IF(IFERROR(FIND(LOWER('Buscador Patologías'!$P$3),C49,1),0)<>0,1,IF(IFERROR(FIND('Buscador Patologías'!$B$3,C49,1),0)=0,0,1)) -> 0
A50: 45474 | B50: Héctor | C50: Diabetes tipo 2 (no insulinodependiente), EPOC, Hipertensión (HTA) e Obesidad (IMC ≥ 16,5 y ≤ 40). | D50: Autoinmunes, reumatológicas, de la sangre, infecciosas o dermatológicas | E50: Exclusión | F50: DEPENDIENDO DEL INFORME Y DE LA SITUACIÓN DEL CLIENTE PUEDE SER ASEGURABLE AUNQUE HAY MUCHA PROBABILIDAD DE QUE SEA RECHAZO DIRECTO POR PLURIPATOLOGÍA. | G50: =IF(IFERROR(FIND(LOWER('Buscador Patologías'!$P$3),C50,1),0)<>0,1,IF(IFERROR(FIND('Buscador Patologías'!$B$3,C50,1),0)=0,0,1)) -> 0
A51: 45474 | B51: Héctor | C51: SENIORS EPOC LEVE, estadio 1, GRADO 1 (enfermedad pulmonar obstructiva crónica) | D51: Respiratoria | E51: Aceptado | F51: PASAN LIMPIAS, EXCEPTO AQUELLAS QUE PRESENTANDO INFORME NO SEA FAVORABLE, POR LO GENERAL, PASAN CASI TODAS. | G51: =IF(IFERROR(FIND(LOWER('Buscador Patologías'!$P$3),C51,1),0)<>0,1,IF(IFERROR(FIND('Buscador Patologías'!$B$3,C51,1),0)=0,0,1)) -> 0
A52: 45474 | B52: Héctor | C52: SENIORS Hipertensión (HTA) | D52: Cardíaca | E52: Aceptado | G52: =IF(IFERROR(FIND(LOWER('Buscador Patologías'!$P$3),C52,1),0)<>0,1,IF(IFERROR(FIND('Buscador Patologías'!$B$3,C52,1),0)=0,0,1)) -> 0
A53: 45474 | B53: Héctor | C53: SENIORS Obesidad (IMC ≥ 16,5 y ≤ 40). | D53: Obesidad | E53: Aceptado | G53: =IF(IFERROR(FIND(LOWER('Buscador Patologías'!$P$3),C53,1),0)<>0,1,IF(IFERROR(FIND('Buscador Patologías'!$B$3,C53,1),0)=0,0,1)) -> 0
A54: 45474 | B54: Héctor | C54: Enfermedades graves en tratamiento | E54: No asegurable | G54: =IF(IFERROR(FIND(LOWER('Buscador Patologías'!$P$3),C54,1),0)<>0,1,IF(IFERROR(FIND('Buscador Patologías'!$B$3,C54,1),0)=0,0,1)) -> 0
A55: 45474 | B55: Héctor | C55: Enfermedades del riñón, como insuficiencia renal... | D55: Autoinmunes, reumatológicas, de la sangre, infecciosas o dermatológicas | E55: No asegurable | G55: =IF(IFERROR(FIND(LOWER('Buscador Patologías'!$P$3),C55,1),0)<>0,1,IF(IFERROR(FIND('Buscador Patologías'!$B$3,C55,1),0)=0,0,1)) -> 0
A56: 45474 | B56: Héctor | C56: Enfermedades cardiovasculares, como por ejemplo, infarto, angina de pecho... | D56: Cardíaca | E56: No asegurable | G56: =IF(IFERROR(FIND(LOWER('Buscador Patologías'!$P$3),C56,1),0)<>0,1,IF(IFERROR(FIND('Buscador Patologías'!$B$3,C56,1),0)=0,0,1)) -> 0
A57: 45474 | B57: Héctor | C57: Enfermedades psiquiátricas, como depresión, trastornos bipolares, esquizofrenia, trastornos alimentarios... | D57: Psiquiátrica | E57: No asegurable | G57: =IF(IFERROR(FIND(LOWER('Buscador Patologías'!$P$3),C57,1),0)<>0,1,IF(IFERROR(FIND('Buscador Patologías'!$B$3,C57,1),0)=0,0,1)) -> 0
A58: 45474 | B58: Héctor | C58: Enfermedades del sistema nervioso, como esclerosis múltiple, ictus, párkinson... | D58: Neurología | E58: No asegurable | G58: =IF(IFERROR(FIND(LOWER('Buscador Patologías'!$P$3),C58,1),0)<>0,1,IF(IFERROR(FIND('Buscador Patologías'!$B$3,C58,1),0)=0,0,1)) -> 1
A59: 45474 | B59: Héctor | C59: Enfermedades reumatológicas, como artritis, lupus, fibromialgia... | D59: Autoinmunes, reumatológicas, de la sangre, infecciosas o dermatológicas | E59: No asegurable | G59: =IF(IFERROR(FIND(LOWER('Buscador Patologías'!$P$3),C59,1),0)<>0,1,IF(IFERROR(FIND('Buscador Patologías'!$B$3,C59,1),0)=0,0,1)) -> 0
A60: 45474 | B60: Héctor | C60: Enfermedades del aparato digestivo, como cirrosis, colitis ulcerosa, Crohn... | D60: Digestiva, hernias, hepatitis y páncreas | E60: No asegurable | G60: =IF(IFERROR(FIND(LOWER('Buscador Patologías'!$P$3),C60,1),0)<>0,1,IF(IFERROR(FIND('Buscador Patologías'!$B$3,C60,1),0)=0,0,1)) -> 0
A61: 45474 | B61: Héctor | C61: Trasplantes | D61: Oncológica y transplantes | E61: No asegurable | G61: =IF(IFERROR(FIND(LOWER('Buscador Patologías'!$P$3),C61,1),0)<>0,1,IF(IFERROR(FIND('Buscador Patologías'!$B$3,C61,1),0)=0,0,1)) -> 0
A62: 45474 | B62: Héctor | C62: Enfermedades del sistema respiratorio, como apneas del sueño... | D62: Respiratoria | E62: No asegurable | G62: =IF(IFERROR(FIND(LOWER('Buscador Patologías'!$P$3),C62,1),0)<>0,1,IF(IFERROR(FIND('Buscador Patologías'!$B$3,C62,1),0)=0,0,1)) -> 0
A63: 45474 | B63: Héctor | C63: Diabetes tipo 1 / insulinodependiente | D63: Autoinmunes, reumatológicas, de la sangre, infecciosas o dermatológicas | E63: No asegurable | G63: =IF(IFERROR(FIND(LOWER('Buscador Patologías'!$P$3),C63,1),0)<>0,1,IF(IFERROR(FIND('Buscador Patologías'!$B$3,C63,1),0)=0,0,1)) -> 0
A64: 45474 | B64: Héctor | C64: Cáncer hace menos de 5 años del tratamiento y sin recaída posterior (valoración conforme a la Ley del Olvido Oncológico) | D64: Oncológica y transplantes | E64: No asegurable | G64: =IF(IFERROR(FIND(LOWER('Buscador Patologías'!$P$3),C64,1),0)<>0,1,IF(IFERROR(FIND('Buscador Patologías'!$B$3,C64,1),0)=0,0,1)) -> 0
A65: 45474 | B65: Yésica | C65: SENIORS Hace 3 años le quitaron la próstata por error médico y tiene Flebitis que es inflamación de las venas sobre todo la orta que pasa por la ingle | D65: Autoinmunes, reumatológicas, de la sangre, infecciosas o dermatológicas | E65: No asegurable | G65: =IF(IFERROR(FIND(LOWER('Buscador Patologías'!$P$3),C65,1),0)<>0,1,IF(IFERROR(FIND('Buscador Patologías'!$B$3,C65,1),0)=0,0,1)) -> 0
A66: 45474 | B66: Héctor | C66: FRACTURA HUMERO IZDO INTERVENIDA | D66: Traumatología | E66: Exclusión | F66: EXCLUSION DE LOS MEDIOS DE DIAGNOSTICO , TRATAMIENTOS E INGRESOS RELACIONADOS CON LAS RECIDIVAS , COMPLICACIONES , CONSECUENCIAS Y/O SECUELAS DE FRACTURA HUMERO IZDO INTERVENIDA | G66: =IF(IFERROR(FIND(LOWER('Buscador Patologías'!$P$3),C66,1),0)<>0,1,IF(IFERROR(FIND('Buscador Patologías'!$B$3,C66,1),0)=0,0,1)) -> 0
A67: 45474 | B67: Héctor | C67: Toma medicación para la tensión | D67: Cardíaca | E67: Aceptado | F67: PASA LIMPIA | G67: =IF(IFERROR(FIND(LOWER('Buscador Patologías'!$P$3),C67,1),0)<>0,1,IF(IFERROR(FIND('Buscador Patologías'!$B$3,C67,1),0)=0,0,1)) -> 0
A68: 45474 | B68: Héctor | C68: Toma antidepresivo, para ansiedad, estés, medicación: Escitalopram. | D68: Psiquiátrica | E68: No asegurable | F68: RECHAZO DIRECTO, HABLA CON EL CLIENTE SOBRE ESTO Y HAZ TODO LO POSIBLE PARA QUE NO LO DECLARE O SE VA LA PÓLIZA A LA MIERDA. | G68: =IF(IFERROR(FIND(LOWER('Buscador Patologías'!$P$3),C68,1),0)<>0,1,IF(IFERROR(FIND('Buscador Patologías'!$B$3,C68,1),0)=0,0,1)) -> 0
A69: 45474 | B69: Héctor | C69: 37% INVALIDEZ POR TRASPLANTE HÍGADO AÑO 2015, ADJUNTO INFORME ALTA MÉDICA AÑO 2015. TOMA CERCET ADVAGRAF INMUNOSUPRESORES TRAS LA OPERACIÓN. | D69: Oncológica y transplantes | E69: No asegurable | G69: =IF(IFERROR(FIND(LOWER('Buscador Patologías'!$P$3),C69,1),0)<>0,1,IF(IFERROR(FIND('Buscador Patologías'!$B$3,C69,1),0)=0,0,1)) -> 0
A70: 45474 | B70: MJ | C70: Operado de las lumbares para quitar una hernia de lumbar hace 7 años | D70: Traumatología | E70: Exclusión | F70: INFORME MÉDICO ACTUAL HERNIAS INTERVENIDAS : DIAGNÓSTICO, ANATOMIA PATOLÓGICA, LOCALIZACIÓN, FECHAS, TRATAMIENTO, SITUACIÓN ACTUAL, PRONÓSTICO | G70: =IF(IFERROR(FIND(LOWER('Buscador Patologías'!$P$3),C70,1),0)<>0,1,IF(IFERROR(FIND('Buscador Patologías'!$B$3,C70,1),0)=0,0,1)) -> 0
A71: 45474 | B71: Alberto | C71: Operación hernia discal hace 30 años sin secuelas ni tratamiento ni mediación, tiene 33% de invalidez. | D71: Traumatología | E71: Exclusión | F71: TE PIDEN INFORME, Y EN SU DEFECTO TENDRÁS QUE HACER CARTA JURADA ACEPTANDO EXCLUSIÓN. | G71: =IF(IFERROR(FIND(LOWER('Buscador Patologías'!$P$3),C71,1),0)<>0,1,IF(IFERROR(FIND('Buscador Patologías'!$B$3,C71,1),0)=0,0,1)) -> 0
A72: 45474 | B72: Alberto | C72: SENIORS Altura 182 cm Peso 129 kg, IMC 39. Fuma medio paquete al día. | D72: Obesidad | E72: Aceptado | F72: PASA LIMPIA SIN EXCLUSIÓN | G72: =IF(IFERROR(FIND(LOWER('Buscador Patologías'!$P$3),C72,1),0)<>0,1,IF(IFERROR(FIND('Buscador Patologías'!$B$3,C72,1),0)=0,0,1)) -> 0
A73: 45536 | B73: Yésica | C73: 30 años. Hernia Lumbar L4 y L5 va a ser operado en breve por la seguridad social | D73: Traumatología | E73: Aceptado | F73: PASA LIMPIA SIN EXCLUSIÓN | G73: =IF(IFERROR(FIND(LOWER('Buscador Patologías'!$P$3),C73,1),0)<>0,1,IF(IFERROR(FIND('Buscador Patologías'!$B$3,C73,1),0)=0,0,1)) -> 0
A74: 45536 | B74: Yésica | C74: 25 años. hace 3 años se rompió el cubito del brazo izquierdo y lleva una placa con tornillos y se la van a retirar en breve por la seguridad social. | D74: Traumatología | E74: Aceptado | G74: =IF(IFERROR(FIND(LOWER('Buscador Patologías'!$P$3),C74,1),0)<>0,1,IF(IFERROR(FIND('Buscador Patologías'!$B$3,C74,1),0)=0,0,1)) -> 0
A75: 45536 | B75: Yésica | C75: Operación hace 1 año le sacaraon líquido del ojo y además tenía tiroides y tratamiento para la tensión. | D75: Oftalmología | E75: No asegurable | F75: RECHAZO DIRECTO POR PLURIPATOLOGÍA | G75: =IF(IFERROR(FIND(LOWER('Buscador Patologías'!$P$3),C75,1),0)<>0,1,IF(IFERROR(FIND('Buscador Patologías'!$B$3,C75,1),0)=0,0,1)) -> 0
A76: 45536 | B76: MJ | C76: 70 año le extirparon hace 40 años la tiroides | D76: Sistema Endocrino y Metabólico | E76: Aceptado | F76: PASA LIMPIA, PERO OTROS CLIENTES IGUAL SI QUE HAN PUESTO EXCLUSIÓN | G76: =IF(IFERROR(FIND(LOWER('Buscador Patologías'!$P$3),C76,1),0)<>0,1,IF(IFERROR(FIND('Buscador Patologías'!$B$3,C76,1),0)=0,0,1)) -> 0
A77: 45536 | B77: Yésica | C77: La próstata se le ha hecho muy grande, toma medicación | D77: Renal, Urológia o Ginecológica | E77: Exclusión | F77: EXCLUSION AFECCIONES DE PROSTATA (MEDIOS DE DIAGNOSTICO , TRATAMIENTOS E INGRESOS) , ASI COMO POR SUS COMPLICACIONES , CONSECUENCIAS Y/O SECUELAS | G77: =IF(IFERROR(FIND(LOWER('Buscador Patologías'!$P$3),C77,1),0)<>0,1,IF(IFERROR(FIND('Buscador Patologías'!$B$3,C77,1),0)=0,0,1)) -> 0
A78: 45536 | B78: MJ | C78: Accidente de moto hace 20 años, fractura vertebras y lleva placas. | D78: Traumatología | E78: Exclusión | F78: EXCLUSION DE LOS MEDIOS DE DIAGNOSTICO , TRATAMIENTOS E INGRESOS RELACIONADOS CON LAS RECIDIVAS , COMPLICACIONES , CONSECUENCIAS Y/O SECUELAS DE FRACTURAS VERTEBRALES | G78: =IF(IFERROR(FIND(LOWER('Buscador Patologías'!$P$3),C78,1),0)<>0,1,IF(IFERROR(FIND('Buscador Patologías'!$B$3,C78,1),0)=0,0,1)) -> 0
A79: 45536 | B79: MJ | C79: Desde el COVID lleva audífonos Sorda, sordera, audífono. | D79: Patología de oído, nariz, laringe y gargante | E79: Exclusión | F79: EXCLUSION SORDERA/HIPOACUSIA Y SUS CAUSAS (MEDIOS DE DIAGNOSTICO , TRATAMIENTOS E INGRESOS) , ASI COMO POR SUS COMPLICACIONES , CONSECUENCIAS Y/O SECUELAS | G79: =IF(IFERROR(FIND(LOWER('Buscador Patologías'!$P$3),C79,1),0)<>0,1,IF(IFERROR(FIND('Buscador Patologías'!$B$3,C79,1),0)=0,0,1)) -> 0
A80: 45536 | B80: Alberto | C80: Hernia inguinal hace 12 años | D80: Traumatología | E80: Aceptado | F80: PASA LIMPIA | G80: =IF(IFERROR(FIND(LOWER('Buscador Patologías'!$P$3),C80,1),0)<>0,1,IF(IFERROR(FIND('Buscador Patologías'!$B$3,C80,1),0)=0,0,1)) -> 0
A81: 45536 | B81: Alberto | C81: VIH. Tiene el sida desde los 18 tiene 52. Únicamente toma medicación (retrovirales). | D81: Autoinmunes, reumatológicas, de la sangre, infecciosas o dermatológicas | E81: Exclusión | F81: SE PRECISA INFORMACIÓN MÉDICA ACTUALIZADA SOBRE HISTORIAL MÉDICO COMPLETO Y ACTUALIZADO QUE INCLUYA DIAGNÓSTICOS EN VIGOR,ANTECEDENTES MÉDICO-QUIRÚRGICOS, TRATAMIENTOS, SITUACIÓN ACTUAL | G81: =IF(IFERROR(FIND(LOWER('Buscador Patologías'!$P$3),C81,1),0)<>0,1,IF(IFERROR(FIND('Buscador Patologías'!$B$3,C81,1),0)=0,0,1)) -> 0
A82: 45536 | B82: Alberto | C82: SENIORS póliza 3.000€ los dos tenían colesterol y tensión. Operación en ambas manos por tendinitis 36% discapacidad. | D82: Traumatología | E82: Aceptado | F82: PASA LIMPIA, SIN EXCLUSIÓN. | G82: =IF(IFERROR(FIND(LOWER('Buscador Patologías'!$P$3),C82,1),0)<>0,1,IF(IFERROR(FIND('Buscador Patologías'!$B$3,C82,1),0)=0,0,1)) -> 0
A83: 45536 | B83: Jenifer | C83: SENIORS Artrosis en las dos rodillas, aporta informe. | D83: Traumatología | E83: Exclusión | F83: SE PRECISA INFORME PARA PODER VALORAR. | G83: =IF(IFERROR(FIND(LOWER('Buscador Patologías'!$P$3),C83,1),0)<>0,1,IF(IFERROR(FIND('Buscador Patologías'!$B$3,C83,1),0)=0,0,1)) -> 0
A84: 45536 | B84: Alberto | C84: Operación menisco hace 5 años y el otro hace 2 años. | D84: Traumatología | E84: En Valoración Médica | F84: SE PRECISA INFORME PARA PODER VALORAR. | G84: =IF(IFERROR(FIND(LOWER('Buscador Patologías'!$P$3),C84,1),0)<>0,1,IF(IFERROR(FIND('Buscador Patologías'!$B$3,C84,1),0)=0,0,1)) -> 0
A85: 45536 | B85: Jenifer | C85: Antidepresivos. | D85: Psiquiátrica | E85: No asegurable | F85: RECHAZO DIRECTO. | G85: =IF(IFERROR(FIND(LOWER('Buscador Patologías'!$P$3),C85,1),0)<>0,1,IF(IFERROR(FIND('Buscador Patologías'!$B$3,C85,1),0)=0,0,1)) -> 0
A86: 45536 | B86: Yésica | C86: Cirrosis Biliar | D86: Autoinmunes, reumatológicas, de la sangre, infecciosas o dermatológicas | E86: No asegurable | F86: RECHAZO DIRECTO. | G86: =IF(IFERROR(FIND(LOWER('Buscador Patologías'!$P$3),C86,1),0)<>0,1,IF(IFERROR(FIND('Buscador Patologías'!$B$3,C86,1),0)=0,0,1)) -> 0
... A94: 45566 | B94: Yésica | C94: SENIORS operación de cataratas hace 1 año. | D94: Oftalmología | E94: Exclusión | F94: EXCLUSIÓN CATARATAS | G94: =IF(IFERROR(FIND(LOWER('Buscador Patologías'!$P$3),C94,1),0)<>0,1,IF(IFERROR(FIND('Buscador Patologías'!$B$3,C94,1),0)=0,0,1)) -> 0
A95: 45566 | B95: Alberto | C95: SENIORS OPERADO DE CATARATAS HACE 7 Y 10 AÑOS SIN SECUELAS EN PERFECTO ESTADO | D95: Oftalmología | E95: Exclusión | G95: =IF(IFERROR(FIND(LOWER('Buscador Patologías'!$P$3),C95,1),0)<>0,1,IF(IFERROR(FIND('Buscador Patologías'!$B$3,C95,1),0)=0,0,1)) -> 0
A96: 45566 | B96: Jenifer | C96: De baja desde hace 1 mes por una queratitis que le impide realizar su trabajo correctamente, se echa unas gotitas en el ojo, le darán el alta en los próximos días, perfecto estado de salud. | D96: Oftalmología | E96: No asegurable | F96: UNA BAJA EN CURSO SIN ALTA, ES RECHAZO DIRECTO. CUIDADO. | G96: =IF(IFERROR(FIND(LOWER('Buscador Patologías'!$P$3),C96,1),0)<>0,1,IF(IFERROR(FIND('Buscador Patologías'!$B$3,C96,1),0)=0,0,1)) -> 0
A97: 45566 | B97: Jenifer | C97: Niña celiaca de 10 años de edad (con altura y peso normal). | D97: Digestiva, hernias, hepatitis y páncreas | E97: Exclusión | F97: EXCLUSIÓN enfermedad celiaca: medios de diagnóstico, tratamientos e ingresos, así como por sus complicaciones, consecuencias y/o secuelas. | G97: =IF(IFERROR(FIND(LOWER('Buscador Patologías'!$P$3),C97,1),0)<>0,1,IF(IFERROR(FIND('Buscador Patologías'!$B$3,C97,1),0)=0,0,1)) -> 0
A98: 45566 | B98: Alberto | C98: SENIORS. Esguince de tercer grado, el ligamento roto por todas partes. Persona de 55 años altura 160 cm peso 54kg. | D98: Traumatología | E98: Aceptado | F98: NO ENTENDEMOS POR QUÉ HA PASADO LIMPIA. OTROS CASOS IGUALES NO NOS LO HAN ACEPTADO NI DE BROMA. | G98: =IF(IFERROR(FIND(LOWER('Buscador Patologías'!$P$3),C98,1),0)<>0,1,IF(IFERROR(FIND('Buscador Patologías'!$B$3,C98,1),0)=0,0,1)) -> 0
A99: 45566 | B99: Alberto | C99: SENIORS. Operación de cervicales con placa de titanio hace más de xx años. | D99: Traumatología | E99: Exclusión | F99: EXCLUSION DE MEDIOS DIAGNOSTICOS , TRATAMIENTO E INGRESOS RELACIONADOS CON LAS COMPLICACIONES , CONSECUENCIAS Y/O SECUELAS DE AFECCION COLUMNA CERVICAL Y SU CIRUGIA | G99: =IF(IFERROR(FIND(LOWER('Buscador Patologías'!$P$3),C99,1),0)<>0,1,IF(IFERROR(FIND('Buscador Patologías'!$B$3,C99,1),0)=0,0,1)) -> 0
A100: 45566 | B100: Yésica | C100: SENIORS. Asmatica que le inyectan una vez al mes Nucala y ventolín. | D100: Respiratoria | E100: Exclusión | G100: =IF(IFERROR(FIND(LOWER('Buscador Patologías'!$P$3),C100,1),0)<>0,1,IF(IFERROR(FIND('Buscador Patologías'!$B$3,C100,1),0)=0,0,1)) -> 0
A101: 45566 | B101: Alberto | C101: Apnea del sueño, CPAP (Presión Positiva Continua en la Vía Aérea) | D101: Respiratoria | E101: No asegurable | G101: =IF(IFERROR(FIND(LOWER('Buscador Patologías'!$P$3),C101,1),0)<>0,1,IF(IFERROR(FIND('Buscador Patologías'!$B$3,C101,1),0)=0,0,1)) -> 0
A102: 45566 | B102: Yésica | C102: SENIORS Pastillas para el colesterol y vitamina d por prevención para los huesos. Toma Simvastatina 10 mg para el colesterol. | D102: Digestiva, hernias, hepatitis y páncreas | E102: Aceptado | F102: PASA LIMPIA. | G102: =IF(IFERROR(FIND(LOWER('Buscador Patologías'!$P$3),C102,1),0)<>0,1,IF(IFERROR(FIND('Buscador Patologías'!$B$3,C102,1),0)=0,0,1)) -> 0
A103: 45566 | B103: Jenifer | C103: Celiaco. Para valorar la enfermedad celíaca, CONFIRMANDO que el resto de respuestas son negativas, y que los parámetros de peso y talla están dentro de la normalidad, se aceptaría con EXCLUSIÓN. | D103: Digestiva, hernias, hepatitis y páncreas | E103: Exclusión | F103: EXCLUSIÓN enfermedad celiaca: medios de diagnóstico, tratamientos e ingresos, así como por sus complicaciones, consecuencias y/o secuelas. | G103: =IF(IFERROR(FIND(LOWER('Buscador Patologías'!$P$3),C103,1),0)<>0,1,IF(IFERROR(FIND('Buscador Patologías'!$B$3,C103,1),0)=0,0,1)) -> 0
A104: 45566 | B104: Alberto | C104: Síndrome de Down, NECESARIO INFORME PARA VALORAR. | D104: Psiquiátrica | E104: Exclusión | F104: Solicitan informe médico actual sobre: cardiopatía, patología ocular, apnea del sueño o malformaciones intestinales conocidas (diagnóstico/causa/motivo, localización, fechas, tratamiento, pronóstico y situación actual). | G104: =IF(IFERROR(FIND(LOWER('Buscador Patologías'!$P$3),C104,1),0)<>0,1,IF(IFERROR(FIND('Buscador Patologías'!$B$3,C104,1),0)=0,0,1)) -> 0
A105: 45566 | B105: Rubén | C105: SENIORS. ARTRODESIS TOBILLO CURADA Y SIN NINGUN TIPO DE SECUELA NI TRATAMIENTO. ¡¡NECESARIO INFORME PARA PODER VALORAR!! | D105: Traumatología | E105: Exclusión | F105: INFORME MÉDICO ACTUAL CIRUGÍA DE TOBILLO DECLARADA: DIAGNÓSTICO/MOTIVO/CAUSA, LOCALIZACIÓN, FECHAS, TRATAMIENTO, SITUACIÓN ACTUAL, PRONÓSTICO | G105: =IF(IFERROR(FIND(LOWER('Buscador Patologías'!$P$3),C105,1),0)<>0,1,IF(IFERROR(FIND('Buscador Patologías'!$B$3,C105,1),0)=0,0,1)) -> 0
A106: 45566 | B106: Rubén | C106: Prótesis en las dos caderas año 2011. Cadera intervenida. | D106: Traumatología | E106: Exclusión | F106: - 1.-EXCLUSIÓN DE LOS MEDIOS DE DIAGNÓSTICO, TRATAMIENTOS E INGRESOS RELACIONADOS CON LAS RECIDIVAS, COMPLICACIONES, CONSECUENCIAS Y/O SECUELAS DE PATOLOGIA DE LAS CADERAS INTERVENIDAS | G106: =IF(IFERROR(FIND(LOWER('Buscador Patologías'!$P$3),C106,1),0)<>0,1,IF(IFERROR(FIND('Buscador Patologías'!$B$3,C106,1),0)=0,0,1)) -> 0
A107: 45566 | B107: Jenifer | C107: Úlcera corneal, queratitis, herida abierta en la córnea. | D107: Oftalmología | E107: Exclusión | F107: AMEOTROPIA: MEDIOS DE DIAGNOSTICO , TRATAMIENTOS E INGRESOS , ASI COMO POR SUS COMPLICACIONES , CONSECUENCIAS Y/O SECUELAS | G107: =IF(IFERROR(FIND(LOWER('Buscador Patologías'!$P$3),C107,1),0)<>0,1,IF(IFERROR(FIND('Buscador Patologías'!$B$3,C107,1),0)=0,0,1)) -> 0
A108: 45597 | B108: Alberto | C108: SENIORS Operado de menisco hace 5 años sin secuelas, sin tratamiento, sin recaída | D108: Traumatología | E108: Aceptado | F108: SORPRENDENTEMENTE PASA LIMPIA. | G108: =IF(IFERROR(FIND(LOWER('Buscador Patologías'!$P$3),C108,1),0)<>0,1,IF(IFERROR(FIND('Buscador Patologías'!$B$3,C108,1),0)=0,0,1)) -> 0
A109: 45597 | B109: Alberto | C109: SENIORS. 1 pastilla por la mañana enalapril y otra por la noche de atenolol. Operación hace más de 15 años de un quiste en la nuez y una fistula hace 20 años. Operacion de cataratas hace más de 4 años en sanitas. | D109: Oftalmología | E109: Exclusión | F109: SOLO HAN APLICADO EXCLUSIÓN DE CATARATAS, EL RESTO PASA LIMPIO. | G109: =IF(IFERROR(FIND(LOWER('Buscador Patologías'!$P$3),C109,1),0)<>0,1,IF(IFERROR(FIND('Buscador Patologías'!$B$3,C109,1),0)=0,0,1)) -> 0
A110: 45597 | B110: Alberto | C110: SENIORS con reducción de estómago y con altura de 167 y 105 kilos (IMC 37.6) | D110: Obesidad | E110: No asegurable | F110: RECHAZAR por riesgo no asegurable (Cirugía Bariátrica, IMC>34) | G110: =IF(IFERROR(FIND(LOWER('Buscador Patologías'!$P$3),C110,1),0)<>0,1,IF(IFERROR(FIND('Buscador Patologías'!$B$3,C110,1),0)=0,0,1)) -> 0
A111: 45597 | B111: Alberto | C111: Pastillas para el colesterol y tensión por prevención. 69 años viene de otra compañía. | D111: Cardíaca | E111: Aceptado | F111: ACEPTAR (si resto de respuestas son negativas y peso y talla están dentro de parámetros) | G111: =IF(IFERROR(FIND(LOWER('Buscador Patologías'!$P$3),C111,1),0)<>0,1,IF(IFERROR(FIND('Buscador Patologías'!$B$3,C111,1),0)=0,0,1)) -> 0
A112: 45597 | B112: Alberto | C112: SENIORS TOTAL, firma digital, el cielnte puso en la declaración textualmente "traumatología codo derecho hace 5 años sin secuelas" | D112: Traumatología | E112: Aceptado | F112: PASA LIMPIA. | G112: =IF(IFERROR(FIND(LOWER('Buscador Patologías'!$P$3),C112,1),0)<>0,1,IF(IFERROR(FIND('Buscador Patologías'!$B$3,C112,1),0)=0,0,1)) -> 0
...

Sheet Buscador Patologías
B1: *PONER LA PRIMERA LETRA EN MAYÚSCULAS **Cada caso es diferente, Adeslas valora según edad, peso, altura, etc. ***La valoración también puede variar dependiendo del médico del Departamento de Selección de Riesgo.
B3: Esclerosis | P3: =PROPER(B3) -> Esclerosis

Sheet Datos1
A1: Fecha | B1: Agente | C1: Patología | D1: Tipo | E1: Resultado | F1: Comentario / Acción | G1: Buscador
A2: 45352 | B2: Yésica | C2: SENIORS Próstata operada hace 15 años (no es tumor, no cáncer). Cataratas operadas hace 2 años. (prostata) | D2: Renal, Urológia o Ginecológica | E2: Exclusión | F2: EXCLUSION (1) AFECCIONES DE PRÓSTATA Y (2) CATARATAS (MEDIOS DE DIAGNÓSTICO, TRATAMIENTOS E INGRESOS), ASÍ COMO POR SUS COMPLICACIONES, CONSECUENCIAS Y/O SECUELAS | G2: 1

Sheet DS ADESLAS 2013
A1: Fecha última actualización | F1: 41451
A2: APARATO RESPIRATORIO | B2: Aceptación directa | C2: Exclusión directa | D2: Denegación directa | E2: Petición de informe | F2: Características de þ
A3: Afonia | E3: þ
A4: Apneas del sueño | D4: þ
A5: Asma | C5: þ | F5: Únicamente a ingresos
A6: Bronquitis crónica | D6: þ
D7: þ
D8: þ
A9: Bronquiectasias | D9: þ
A10: Enfisema | D10: þ
A11: Neumonía | B11: þ
A12: Tuberculosis pulmonar | E12: þ | F12: Solicitar si afecta a otros órganos o sistemas
A14: CARDIO-CIRCULATORIO | B14: Aceptación directa | C14: Exclusión directa | D14: Denegación directa | E14: Petición de informe | F14: Características de þ
A15: Angina de Pecho | D15: þ
A16: Arterioesclerosis | E16: þ
A17: Defecto cardíaco congénito | E17: þ
A18: Embolias | D18: þ
A19: Flebitis | E19: þ
A20: Infarto | D20: þ
A21: Palpitaciones | E21: þ
A22: Tensión arterial elevada | E22: þ
A23: Trombosis | D23: þ
A24: Valvulopatías | E24: þ
A25: Varices (ext.inf.) | C25: þ | F25: Bilateral
A27: SISTEMA NERVIOSO | B27: Aceptación directa | C27: Exclusión directa | D27: Denegación directa | E27: Petición de informe | F27: Características de þ
A28: Accidente Cerebro Vascular | D28: þ
A29: Anorexia/Bulimia | D29: þ
A30: Ansiedad | E30: þ
A31: Apoplejía | D31: þ
A32: Demencia | D32: þ
A33: Depresiones | D33: þ
A34: Desmayos | E34: þ
A35: Epilepsia Gran Mal | D35: þ
A36: Epilepsia Petit Mal | D36: þ
A37: Insomnio | E37: þ
A38: Lesión nervios | E38: þ
A39: Migrañas | C39: þ
A40: Neurosis | D40: þ
A41: Parálisis | E41: þ
A42: Psicosis | D42: þ
A43: Síndrome de fatiga crónica | D43: þ
A44: Temblores | E44: þ
A45: Síndrome canal carpiano | C45: þ | F45: Bilateral
A46: Trastornos psíquicos ó psiquiátricos | E46: þ
A47: Vértigos | E47: þ
A49: APARATO DIGESTIVO | B49: Aceptación directa | C49: Exclusión directa | D49: Denegación directa | E49: Petición de informe | F49: Características de þ
A50: Trastornos de estómago | E50: þ
A51: Trastornos de intestinos | E51: þ
A52: Trastornos de esófago | E52: þ
A53: Trastornos de páncreas | E53: þ
A54: Divertículos | E54: þ
A55: Úlceras(estómago, duodeno) | C55: þ
A56: Hernia de Hiato | C56: þ
A57: Enfermedades Hígado (no hepatitis) | E57: þ
A58: Ictericia | E58: þ
A59: Colecistitis/Colangitis | C59: þ | F59: Tratamiento de cualquier patología de la vesícula biliar y conductos biliares
A60: Coleliatiasis/Coledocolitiasis | C60: þ | F60: Tratamiento de cualquier patología de la vesícula biliar y conductos biliares
A61: No intervenida | C61: þ | F61: Tratamiento de cualquier patología de la vesícula biliar y conductos biliares
A62: Intervenida< 1año | C62: þ
A63: Intervenida> 1 año | B63: þ
A64: Hemorroides | C64: þ
A65: Proctitis | E65: þ
A66: Fístulas | C66: þ
A67: Fisura anal
A68: > 1 años | C68: þ
A69: < 1 años | C69: þ
A70: Diarrea | E70: þ
A71: Enf. Inflamatoria intestinal (colitis ulcerosa, Enfermedad de Crohn) | D71: þ
A73: OIDOS | B73: Aceptación directa | C73: Exclusión directa | D73: Denegación directa | E73: Petición de informe | F73: Características de þ
A74: Colesteatoma | C74: þ
A75: Otoesclerosis | C75: þ
A76: Síndrome de Menière | C76: þ
A77: Sordera | E77: þ
A78: Vértigo | E78: þ
A80: OJOS | B80: Aceptación directa | C80: Exclusión directa | D80: Denegación directa | E80: Petición de informe | F80: Características de þ
A81: Astigmatismo | C81: þ | F81: Según dioptrias por producto
A83: Hipermetropía | C83: þ | F83: Según dioptrias por producto
F84: Según dioptrias por producto
A85: Miopía | C85: þ | F85: Según dioptrias por producto
A86: DMAE (Degeneración macular asociada a la edad) | C86: þ | F86: Bilateral
A87: Desprendimiento de retina | C87: þ | F87: Bilateral
A88: Cataratas | C88: þ | F88: Bilateral
A89: Alteraciones de la mácula | E89: þ
A90: Glaucoma | C90: þ | F90: Bilateral
A91: Estrabismo | C91: þ | F91: Bilateral
A92: Queratocono | C92: þ
A93: Retinopatias | E93: þ
A94: Trasplante de córnea | C94: þ | F94: Bilateral
A96: APARATO LOCOMOTOR | B96: Aceptación directa | C96: Exclusión directa | D96: Denegación directa | E96: Petición de informe | F96: Características de þ
A97: Reumatismo | E97: þ
A98: Artrosis | E98: þ
A99: Hernia Discal | C99: þ
A100: Desviación de columna (escoliosis, cifosis..) | C100: þ
A101: Pinzamiento vertebral | C101: þ
A102: Lumbago | C102: þ
A103: Ciática | C103: þ
A104: Fibromialgia | D104: þ
A105: Fracturas (sin secuelas) | B105: þ
A106: Fracturas (otros casos) | E106: þ
A107: Juanetes (Hallux Valgus) | C107: þ | F107: Bilateral
...
