Workbook

Sheet Cotizador
A1: !
I2: =IF(LEN(I3)=5,VLOOKUP(LEFT(I3,2),AuxCP!C:E,3,0),VLOOKUP("0"&LEFT(I3,1),AuxCP!C:E,3,0)) -> Valencia | K2: Zona | N2: COPAGO | O2: COPAGO | P2: COPAGO | Q2: COPAGO | U2: COPAGO | V2: COPAGO
G3: CP | I3: 46019 | K3: =IF(LEN(I3)=5,VLOOKUP(LEFT(I3,2),AuxCP!C:D,2,0),VLOOKUP("0"&LEFT(I3,1),AuxCP!C:D,2,0)) -> 2 | M3: COTIZACIÓN | AE3: PROMOCIONES ACTUALES | AF3: Asegurados | AG3: Promo
B4: Fecha nacimiento | G4: Edad | K4: DESCUENTOS | N4: Go | O4: Plena Vital | P4: Plena Total Vital | Q4: Adeslas Plena | R4: Adeslas Plena Plus | S4: Adeslas Plena Total | T4: Adeslas Plena Extra 150 | U4: Adeslas Seniors | V4: Adeslas Plena Total Seniors | W4: Adeslas NIF | X4: Adeslas Pymes TOTAL | Y4: Adeslas Extra NIF | Z4: Adeslas CIF | AA4: Adeslas Extra CIF | AB4: Adeslas Empresas | AC4: Adeslas Extra Empresas | AE4: Plurianuales | AF4: 1 | AG4: 2 meses gratis
B5: Día | C5: Mes | D5: Año | I5: Edad | AE5: Plurianuales | AF5: >=2 | AG5: 3 meses gratis (2 el primer año)
A6: 1 | G6: 33 | I6: =IF(G6=0,TRUNC((TODAY()-DATE(D6,C6,B6))/365.25,0),G6) -> 33 | K6: =IF(K10="Sí",0.06+K8,K8) -> 0 | M6: SIN DENTAL | N6: =IF((SUM(N57:N71))=0,"",SUM(N57:N71)) -> 108.9 | O6: =IF((SUM(O21:O35))=0,"",SUM(O21:O35)) -> 323.1 | Q6: =IF((SUM(Q21:Q35))=0,"",SUM(Q21:Q35)) -> 358.2 | R6: =IF((SUM(R21:R35))=0,"",SUM(R21:R35)) -> 504 | T6: =IF((SUM(T21:T35))=0,"",SUM(T21:T35)) -> 630.9 | U6: =IF(SUM(U21:U35)=0,"",IF(COUNT($I$6:$I$20)>=4,SUM(U21:U35)*0.9, SUM(U21:U35))) | W6: =IF((SUM(W21:W35))=0,"",SUM(W21:W35)) -> 492 | Y6: =IF(COUNT($I$6:$I$13)>4,SUM(Y21:Y28)*0.9, SUM(Y21:Y28)) -> 0 | Z6: =IF(COUNT($I$6:$I$13)>4,SUM(Z21:Z28)*0.9, SUM(Z21:Z28)) -> 290 | AA6: =IF(COUNT($I$6:$I$13)>4,SUM(AA21:AA28)*0.9, SUM(AA21:AA28)) -> 405 | AB6: =IF(COUNT($I$6:$I$13)>4,SUM(AB21:AB28)*0.9, SUM(AB21:AB28)) -> 267.5 | AC6: =IF(COUNT($I$6:$I$13)>4,SUM(AC21:AC28)*0.9, SUM(AC21:AC28)) -> 359.5 | AE6: Anuales Sin dental | AF6: 1 | AG6: 1 mes gratis
A7: 2 | G7: 43 | I7: =IF(G7=0,TRUNC((TODAY()-DATE(D7,C7,B7))/365.25,0),G7) -> 43 | K7: Descuento contra comisión | M7: CON DENTAL | N7: =IF((SUM(N75:N89))=0,"",SUM(N75:N89)) -> 126.75 | O7: =IF((SUM(O39:O53))=0,"",SUM(O39:O53)) -> 340.95 | P7: =IF((SUM(P39:P53))=0,"",SUM(P39:P53)) -> 391.5 | Q7: =IF((SUM(Q39:Q53))=0,"",SUM(Q39:Q53)) -> 376.05 | R7: =IF((SUM(R39:R53))=0,"",SUM(R39:R53)) -> 521.85 | S7: =IF((SUM(S39:S53))=0,"",SUM(S39:S53)) -> 599.4 | T7: =IF((SUM(T39:T53))=0,"",SUM(T39:T53)) -> 718.85 | U7: =IF((SUM(U39:U53))=0,"",SUM(U39:U53)) | V7: =IF((SUM(V39:V53))=0,"",SUM(V39:V53)) | ... X7: =IF((SUM(X39:X53))=0,"",SUM(X39:X53)) -> 348 | Y7: =IF(OR(Y$6="",Y$6=0),"",Y6+VLOOKUP(COUNT($I$6:$I$13),Precios!$F:$H,3,0)) | AE7: Anuales Sin dental | AF7: >=2 | AG7: 2 meses gratis (1 el primer año)
A8: 3 | G8: 55 | I8: =IF(G8=0,TRUNC((TODAY()-DATE(D8,C8,B8))/365.25,0),G8) -> 55 | K8: 0 | M8: PRECIO SIN DESCUENTO | P8: =IF(SUM(P75:P89)=0,"",SUM(P75:P89)) -> 391.5 | S8: =IF(SUM(S75:S89)=0,"",SUM(S75:S89)) -> 599.4 | V8: =IF(SUM(V75:V89)=0,"",SUM(V75:V89)) | X8: =IF(SUM(X75:X89)=0,"",SUM(X75:X89)) -> 348 | AE8: Anuales Con dental | AF8: 1 | AG8: 2 meses gratis
A9: 4 | G9: 66 | I9: =IF(G9=0,TRUNC((TODAY()-DATE(D9,C9,B9))/365.25,0),G9) -> 66 | K9: ¿Es Anual? | M9: PRIMA ANUAL
A10: 5 | I10: =IF(G10=0,TRUNC((TODAY()-DATE(D10,C10,B10))/365.25,0),G10) -> #NUM! | K10: No | M10: SIN DENTAL | N10: =IF((SUM(N57:N71)*12)=0,"",SUM(N57:N71)*12) -> 1306.8 | O10: =IF((SUM(O21:O35)*12)=0,"",SUM(O21:O35)*12) -> 3877.2 | Q10: =IF((SUM(Q21:Q35)*12)=0,"",SUM(Q21:Q35)*12) -> 4298.4 | R10: =IF((SUM(R21:R35)*12)=0,"",SUM(R21:R35)*12) -> 6048 | T10: =IF((SUM(T21:T35)*12)=0,"",SUM(T21:T35)*12) -> 7570.8 | U10: =IF(IFERROR(IF(AND($K$8>1%,$K$10="Sí"),U$57*(1-($K$6-$K$8))*(1-$K$8)*12,IF(AND($K$6>0%,$K$6<11%),U$57*(1-$K$6)*12,IF($K$6=0,U$57*12))),"")=0,"",IFERROR(IF(AND($K$8>1%,$K$10="Sí"),U$57*(1-($K$6-$K$8))*(1-$K$8)*12,IF(AND($K$6>0%,$K$6<11%),U$57*(1-$K$6)*12,IF($K$6=0,U$57*12))),"")) | W10: =IF((SUM(W21:W35)*12)=0,"",SUM(W21:W35)*12) -> 5904 | Y10: =IFERROR(IF(IF(AND($K$8>1%,$K$10="Sí"),Y$57*(1-($K$6-$K$8))*(1-$K$8)*12,IF(AND($K$6>0%,$K$6<11%),Y$57*(1-$K$6)*12,IF($K$6=0,Y$57*12)))=0,"",IF(AND($K$8>1%,$K$10="Sí"),Y$57*(1-($K$6-$K$8))*(1-$K$8)*12,IF(AND($K$6>0%,$K$6<11%),Y$57*(1-$K$6)*12,IF($K$6=0,Y$57*12)))),"") | Z10: =IFERROR(IF(AND($K$8>1%,$K$10="Sí"),Z$57*(1-($K$6-$K$8))*(1-$K$8)*12,IF(AND($K$6>0%,$K$6<11%),Z$57*(1-$K$6)*12,IF($K$6=0,Z$57*12))),"") -> 624 | AA10: =IFERROR(IF(AND($K$8>1%,$K$10="Sí"),AA$57*(1-($K$6-$K$8))*(1-$K$8)*12,IF(AND($K$6>0%,$K$6<11%),AA$57*(1-$K$6)*12,IF($K$6=0,AA$57*12))),"") -> 918 | AB10: =IFERROR(IF(AND($K$8>1%,$K$10="Sí"),AB$57*(1-($K$6-$K$8))*(1-$K$8)*12,IF(AND($K$6>0%,$K$6<11%),AB$57*(1-$K$6)*12,IF($K$6=0,AB$57*12))),"") -> 702 | AC10: =IFERROR(IF(AND($K$8>1%,$K$10="Sí"),AC$57*(1-($K$6-$K$8))*(1-$K$8)*12,IF(AND($K$6>0%,$K$6<11%),AC$57*(1-$K$6)*12,IF($K$6=0,AC$57*12))),"") -> 978
A11: 6 | I11: =IF(G11=0,TRUNC((TODAY()-DATE(D11,C11,B11))/365.25,0),G11) -> #NUM! | K11: =$K$6 -> 0 | M11: SIN DESCUENTO | N11: =IF((SUM(N57:N71)*12)=0,"",SUM(N57:N71)*12) -> 1306.8 | O11: =IF((SUM(O57:O71)*12)=0,"",SUM(O57:O71)*12) -> 3877.2 | Q11: =IF((SUM(Q57:Q71)*12)=0,"",SUM(Q57:Q71)*12) -> 4298.4 | R11: =IF((SUM(R57:R71)*12)=0,"",SUM(R57:R71)*12) -> 6048 | T11: =IF((SUM(T57:T71)*12)=0,"",SUM(T57:T71)*12) -> 7570.8 | U11: =IFERROR(__xludf.DUMMYFUNCTION("IFERROR(IF($U$10="""","""",IF($K$10=""Sí"",IF($I6="""","""",IF(VLOOKUP(LEFT(U$37,SEARCH(""☃"",SUBSTITUTE(U$37,"" "",""☃"",LEN(U$37)-LEN(SUBSTITUTE(U$37,"" "",""""))))-1),Excepciones!$A:$B,2,0)>=0,IFERROR(INDEX(filter(Precios!$D:$D,(Precios!$A:$A<=$I6)*(Pr"&"ecios!$B:$B>=$I6)*(Precios!$C:$C=U$37))*12,1),""""),""""))*0.94,IF($I6="""","""",IF(VLOOKUP(LEFT(U$37,SEARCH(""☃"",SUBSTITUTE(U$37,"" "",""☃"",LEN(U$37)-LEN(SUBSTITUTE(U$37,"" "",""""))))-1),Excepciones!$A:$B,2,0)>=0,IFERROR(INDEX(filter(Precios!$D:$D,(Pr"&"ecios!$A:$A<=$I6)*(Precios!$B:$B>=$I6)*(Precios!$C:$C=U$37))*12,1),""""),"""")))),"""")"),"") | W11: =IF((SUM(W57:W71)*12)=0,"",SUM(W57:W71)*12) -> 5904 | Y11: =IF(OR(Y8="",Y8=0),"",Y8*12) | Z11: =IFERROR(__xludf.DUMMYFUNCTION("IFERROR(IF($K$10=""Sí"",IF($I6="""","""",IF(VLOOKUP(LEFT(Z$37,SEARCH(""☃"",SUBSTITUTE(Z$37,"" "",""☃"",LEN(Z$37)-LEN(SUBSTITUTE(Z$37,"" "",""""))))-1),Excepciones!$A:$B,2,0)>=0,IFERROR(INDEX(filter(Precios!$D:$D,(Precios!$A:$A<=$I6)*(Precios!$B:$B>=$I6)*("&"Precios!$C:$C=Z$37))*12,1),""""),""""))*0.94,IF($I6="""","""",IF(VLOOKUP(LEFT(Z$37,SEARCH(""☃"",SUBSTITUTE(Z$37,"" "",""☃"",LEN(Z$37)-LEN(SUBSTITUTE(Z$37,"" "",""""))))-1),Excepciones!$A:$B,2,0)>=0,IFERROR(INDEX(filter(Precios!$D:$D,(Precios!$A:$A<=$I6)*("&"Precios!$B:$B>=$I6)*(Precios!$C:$C=Z$37))*12,1),""""),""""))),"""")"),624.0) -> 624 | AA11: =IFERROR(__xludf.DUMMYFUNCTION("IFERROR(IF($K$10=""Sí"",IF($I6="""","""",IF(VLOOKUP(LEFT(AA$37,SEARCH(""☃"",SUBSTITUTE(AA$37,"" "",""☃"",LEN(AA$37)-LEN(SUBSTITUTE(AA$37,"" "",""""))))-1),Excepciones!$A:$B,2,0)>=0,IFERROR(INDEX(filter(Precios!$D:$D,(Precios!$A:$A<=$I6)*(Precios!$B:$B>=$I"&"6)*(Precios!$C:$C=AA$37))*12,1),""""),""""))*0.94,IF($I6="""","""",IF(VLOOKUP(LEFT(AA$37,SEARCH(""☃"",SUBSTITUTE(AA$37,"" "",""☃"",LEN(AA$37)-LEN(SUBSTITUTE(AA$37,"" "",""""))))-1),Excepciones!$A:$B,2,0)>=0,IFERROR(INDEX(filter(Precios!$D:$D,(Precios!$A:$"&"A<=$I6)*(Precios!$B:$B>=$I6)*(Precios!$C:$C=AA$37))*12,1),""""),""""))),"""")"),918.0) -> 918 | AB11: =IFERROR(__xludf.DUMMYFUNCTION("IFERROR(IF($K$10=""Sí"",IF($I6="""","""",IF(VLOOKUP(LEFT(AB$37,SEARCH(""☃"",SUBSTITUTE(AB$37,"" "",""☃"",LEN(AB$37)-LEN(SUBSTITUTE(AB$37,"" "",""""))))-1),Excepciones!$A:$B,2,0)>=0,IFERROR(INDEX(filter(Precios!$D:$D,(Precios!$A:$A<=$I6)*(Precios!$B:$B>=$I"&"6)*(Precios!$C:$C=AB$37))*12,1),""""),""""))*0.94,IF($I6="""","""",IF(VLOOKUP(LEFT(AB$37,SEARCH(""☃"",SUBSTITUTE(AB$37,"" "",""☃"",LEN(AB$37)-LEN(SUBSTITUTE(AB$37,"" "",""""))))-1),Excepciones!$A:$B,2,0)>=0,IFERROR(INDEX(filter(Precios!$D:$D,(Precios!$A:$"&"A<=$I6)*(Precios!$B:$B>=$I6)*(Precios!$C:$C=AB$37))*12,1),""""),""""))),"""")"),702.0) -> 702 | AC11: =IFERROR(__xludf.DUMMYFUNCTION("IFERROR(IF($K$10=""Sí"",IF($I6="""","""",IF(VLOOKUP(LEFT(AC$37,SEARCH(""☃"",SUBSTITUTE(AC$37,"" "",""☃"",LEN(AC$37)-LEN(SUBSTITUTE(AC$37,"" "",""""))))-1),Excepciones!$A:$B,2,0)>=0,IFERROR(INDEX(filter(Precios!$D:$D,(Precios!$A:$A<=$I6)*(Precios!$B:$B>=$I"&"6)*(Precios!$C:$C=AC$37))*12,1),""""),""""))*0.94,IF($I6="""","""",IF(VLOOKUP(LEFT(AC$37,SEARCH(""☃"",SUBSTITUTE(AC$37,"" "",""☃"",LEN(AC$37)-LEN(SUBSTITUTE(AC$37,"" "",""""))))-1),Excepciones!$A:$B,2,0)>=0,IFERROR(INDEX(filter(Precios!$D:$D,(Precios!$A:$"&"A<=$I6)*(Precios!$B:$B>=$I6)*(Precios!$C:$C=AC$37))*12,1),""""),""""))),"""")"),978.0) -> 978
A12: 7 | I12: =IF(G12=0,TRUNC((TODAY()-DATE(D12,C12,B12))/365.25,0),G12) -> #NUM! | K12: =$K$6 -> 0 | M12: 🔻 | N12: =IF(N10="","",N13-N11) -> 0 | O12: =IF(O10="","",O13-O11) -> 0 | Q12: =IF(Q10="","",Q13-Q11) -> 0 | R12: =IF(R10="","",R13-R11) -> 0 | T12: =IF(T10="","",T13-T11) -> 0 | U12: =IF(U10="","",U13-U11) | W12: =IF(W10="","",W13-W11) -> 0 | Y12: =IF(Y10="","",Y13-Y11) | Z12: =IF(Z10="","",Z13-Z11) -> 0 | AA12: =IF(AA10="","",AA13-AA11) -> 0 | AB12: =IF(AB10="","",AB13-AB11) -> 0 | AC12: =IF(AC10="","",AC13-AC11) -> 0
A13: 8 | I13: =IF(G13=0,TRUNC((TODAY()-DATE(D13,C13,B13))/365.25,0),G13) -> #NUM! | K13: =$K$6 -> 0 | M13: VALOR DE VENTA | N13: =N11 -> 1306.8 | O13: =IF($K$10="Sí",IF($K$6=0.11,O10*0.82,IF($K$6=0.1,O10*0.84,IF($K$6=0.09,O10*0.86,IF($K$6=0.08,O10*0.88,IF($K$6=0.07,O10*0.89,O10))))),IF($K$6=0.05,O10*0.82,IF($K$6=0.04,O10*0.84,IF($K$6=0.03,O10*0.86,IF($K$6=0.02,O10*0.88,IF($K$6=0.01,O10*0.89,O10)))))) -> 3877.2 | Q13: =IF($K$10="Sí",IF($K$6=0.11,Q10*0.82,IF($K$6=0.1,Q10*0.84,IF($K$6=0.09,Q10*0.86,IF($K$6=0.08,Q10*0.88,IF($K$6=0.07,Q10*0.89,Q10))))),IF($K$6=0.05,Q10*0.82,IF($K$6=0.04,Q10*0.84,IF($K$6=0.03,Q10*0.86,IF($K$6=0.02,Q10*0.88,IF($K$6=0.01,Q10*0.89,Q10)))))) -> 4298.4 | R13: =IF($K$10="Sí",IF($K$6=0.11,R10*0.82,IF($K$6=0.1,R10*0.84,IF($K$6=0.09,R10*0.86,IF($K$6=0.08,R10*0.88,IF($K$6=0.07,R10*0.89,R10))))),IF($K$6=0.05,R10*0.82,IF($K$6=0.04,R10*0.84,IF($K$6=0.03,R10*0.86,IF($K$6=0.02,R10*0.88,IF($K$6=0.01,R10*0.89,R10)))))) -> 6048 | T13: =IF($K$10="Sí",IF($K$6=0.11,T10*0.82,IF($K$6=0.1,T10*0.84,IF($K$6=0.09,T10*0.86,IF($K$6=0.08,T10*0.88,IF($K$6=0.07,T10*0.89,T10))))),IF($K$6=0.05,T10*0.82,IF($K$6=0.04,T10*0.84,IF($K$6=0.03,T10*0.86,IF($K$6=0.02,T10*0.88,IF($K$6=0.01,T10*0.89,T10)))))) -> 7570.8 | U13: =IF($K$10="Sí",IF($K$6=0.11,U10*0.82,IF($K$6=0.1,U10*0.84,IF($K$6=0.09,U10*0.86,IF($K$6=0.08,U10*0.88,IF($K$6=0.07,U10*0.89,U10))))),IF($K$6=0.05,U10*0.82,IF($K$6=0.04,U10*0.84,IF($K$6=0.03,U10*0.86,IF($K$6=0.02,U10*0.88,IF($K$6=0.01,U10*0.89,U10)))))) | W13: =IF($K$10="Sí",IF($K$6=0.11,W10*0.82,IF($K$6=0.1,W10*0.84,IF($K$6=0.09,W10*0.86,IF($K$6=0.08,W10*0.88,IF($K$6=0.07,W10*0.89,W10))))),IF($K$6=0.05,W10*0.82,IF($K$6=0.04,W10*0.84,IF($K$6=0.03,W10*0.86,IF($K$6=0.02,W10*0.88,IF($K$6=0.01,W10*0.89,W10)))))) -> 5904 | Z13: =IF($K$10="Sí",IF($K$6=0.16,Z10*0.82,IF($K$6=0.15,Z10*0.84,IF($K$6=0.14,Z10*0.86,IF($K$6=0.13,Z10*0.88,IF($K$6=0.12,Z10*0.89,IF($K$6=0.11,Z10*0.91,IF($K$6=0.1,Z10*0.93,IF($K$6=0.09,Z10*0.95,IF($K$6=0.08,Z10*0.96,IF($K$6=0.07,Z10*0.98,Z10)))))))))),IF($K$6=0.1,Z10*0.82,IF($K$6=0.09,Z10*0.84,IF($K$6=0.08,Z10*0.86,IF($K$6=0.07,Z10*0.88,IF($K$6=0.06,Z10*0.89,IF($K$6=0.05,Z10*0.91,IF($K$6=0.04,Z10*0.93,IF($K$6=0.03,Z10*0.95,IF($K$6=0.02,Z10*0.96,IF($K$6=0.01,Z10*0.98,Z10))))))))))) -> 624 | AA13: =IF($K$10="Sí",IF($K$6=0.16,AA10*0.82,IF($K$6=0.15,AA10*0.84,IF($K$6=0.14,AA10*0.86,IF($K$6=0.13,AA10*0.88,IF($K$6=0.12,AA10*0.89,IF($K$6=0.11,AA10*0.91,IF($K$6=0.1,AA10*0.93,IF($K$6=0.09,AA10*0.95,IF($K$6=0.08,AA10*0.96,IF($K$6=0.07,AA10*0.98,AA10)))))))))),IF($K$6=0.1,AA10*0.82,IF($K$6=0.09,AA10*0.84,IF($K$6=0.08,AA10*0.86,IF($K$6=0.07,AA10*0.88,IF($K$6=0.06,AA10*0.89,IF($K$6=0.05,AA10*0.91,IF($K$6=0.04,AA10*0.93,IF($K$6=0.03,AA10*0.95,IF($K$6=0.02,AA10*0.96,IF($K$6=0.01,AA10*0.98,AA10))))))))))) -> 918 | AB13: =IF($K$10="Sí",IF($K$6=0.16,AB10*0.82,IF($K$6=0.15,AB10*0.84,IF($K$6=0.14,AB10*0.86,IF($K$6=0.13,AB10*0.88,IF($K$6=0.12,AB10*0.89,IF($K$6=0.11,AB10*0.91,IF($K$6=0.1,AB10*0.93,IF($K$6=0.09,AB10*0.95,IF($K$6=0.08,AB10*0.96,IF($K$6=0.07,AB10*0.98,AB10)))))))))),IF($K$6=0.1,AB10*0.82,IF($K$6=0.09,AB10*0.84,IF($K$6=0.08,AB10*0.86,IF($K$6=0.07,AB10*0.88,IF($K$6=0.06,AB10*0.89,IF($K$6=0.05,AB10*0.91,IF($K$6=0.04,AB10*0.93,IF($K$6=0.03,AB10*0.95,IF($K$6=0.02,AB10*0.96,IF($K$6=0.01,AB10*0.98,AB10))))))))))) -> 702 | AC13: =IF($K$10="Sí",IF($K$6=0.16,AC10*0.82,IF($K$6=0.15,AC10*0.84,IF($K$6=0.14,AC10*0.86,IF($K$6=0.13,AC10*0.88,IF($K$6=0.12,AC10*0.89,IF($K$6=0.11,AC10*0.91,IF($K$6=0.1,AC10*0.93,IF($K$6=0.09,AC10*0.95,IF($K$6=0.08,AC10*0.96,IF($K$6=0.07,AC10*0.98,AC10)))))))))),IF($K$6=0.1,AC10*0.82,IF($K$6=0.09,AC10*0.84,IF($K$6=0.08,AC10*0.86,IF($K$6=0.07,AC10*0.88,IF($K$6=0.06,AC10*0.89,IF($K$6=0.05,AC10*0.91,IF($K$6=0.04,AC10*0.93,IF($K$6=0.03,AC10*0.95,IF($K$6=0.02,AC10*0.96,IF($K$6=0.01,AC10*0.98,AC10))))))))))) -> 978
A14: 9 | I14: =IF(G14=0,TRUNC((TODAY()-DATE(D14,C14,B14))/365.25,0),G14) -> #NUM! | M14: CON DENTAL | N14: =IF((SUM(N75:N89)*12)=0,"",SUM(N75:N89)*12) -> 1521 | O14: =IF((SUM(O39:O53)*12)=0,"",SUM(O39:O53)*12) -> 4091.4 | P14: =IF((SUM(P39:P53)*12)=0,"",SUM(P39:P53)*12) -> 4698 | Q14: =IF((SUM(Q39:Q53)*12)=0,"",SUM(Q39:Q53)*12) -> 4512.6 | R14: =IF((SUM(R39:R53)*12)=0,"",SUM(R39:R53)*12) -> 6262.2 | S14: =IF((SUM(S39:S53)*12)=0,"",SUM(S39:S53)*12) -> 7192.8 | T14: =IF((SUM(T39:T53)*12)=0,"",SUM(T39:T53)*12) -> 8626.2 | U14: =IF((SUM(U39:U53)*12)=0,"",SUM(U39:U53)*12) | V14: =IF((SUM(V39:V53)*12)=0,"",SUM(V39:V53)*12) | W14: =IF((SUM(W39:W53)*12)=0,"",SUM(W39:W53)*12) -> 6118.2 | X14: =IF((SUM(X39:X53)*12*0.9)=0,"",SUM(X39:X53)*12*0.9) -> 3758.4 | Y14: =IF(OR(Y7="",Y7=0),"",Y7*12) | Z14: =IF(OR(Z7="",Z7=0),"",Z7*12) | AA14: =IF(OR(AA7="",AA7=0),"",AA7*12) | AB14: =IF(OR(AB7="",AB7=0),"",AB7*12) | AC14: =IF(OR(AC7="",AC7=0),"",AC7*12)
A15: 10 | I15: =IF(G15=0,TRUNC((TODAY()-DATE(D15,C15,B15))/365.25,0),G15) -> #NUM! | M15: SIN DESCUENTO | N15: =IF((SUM(N75:N89)*12)=0,"",SUM(N75:N89)*12) -> 1521 | O15: =IF((SUM(O75:O89)*12)=0,"",SUM(O75:O89)*12) -> 4091.4 | P15: =IF((SUM(P75:P89)*12)=0,"",SUM(P75:P89)*12) -> 4698 | Q15: =IF((SUM(Q75:Q89)*12)=0,"",SUM(Q75:Q89)*12) -> 4512.6 | R15: =IF((SUM(R75:R89)*12)=0,"",SUM(R75:R89)*12) -> 6262.2 | S15: =IF((SUM(S75:S89)*12)=0,"",SUM(S75:S89)*12) -> 7192.8 | T15: =IF((SUM(T75:T89)*12)=0,"",SUM(T75:T89)*12) -> 8626.2 | U15: =IF((SUM(U75:U89)*12)=0,"",SUM(U75:U89)*12) | ... X15: =IF((SUM(X75:X89)*12)=0,"",SUM(X75:X89)*12) -> 4176
A16: 11 | I16: =IF(G16=0,TRUNC((TODAY()-DATE(D16,C16,B16))/365.25,0),G16) -> #NUM! | M16: 🔻 | N16: =IF(N14="","",N17-N15) -> 0 | O16: =IF(O14="","",O17-O15) -> 0 | P16: =IF(P14="","",P17-P15) -> 0 | Q16: =IF(Q14="","",Q17-Q15) -> 0 | R16: =IF(R14="","",R17-R15) -> 0 | S16: =IF(S14="","",S17-S15) -> 0 | T16: =IF(T14="","",T17-T15) -> 0 | U16: =IF(U14="","",U17-U15) | ... X16: =IF(X14="","",X17-X15) -> -417.6
A17: 12 | I17: =IF(G17=0,TRUNC((TODAY()-DATE(D17,C17,B17))/365.25,0),G17) -> #NUM! | M17: VALOR DE VENTA | N17: =N14 -> 1521 | O17: =IF($K$10="Sí",IF($K$6=0.11,O14*0.82,IF($K$6=0.1,O14*0.84,IF($K$6=0.09,O14*0.86,IF($K$6=0.08,O14*0.88,IF($K$6=0.07,O14*0.89,O14))))),IF($K$6=0.05,O14*0.82,IF($K$6=0.04,O14*0.84,IF($K$6=0.03,O14*0.86,IF($K$6=0.02,O14*0.88,IF($K$6=0.01,O14*0.89,O14)))))) -> 4091.4 | P17: =P14 -> 4698 | Q17: =IF($K$10="Sí",IF($K$6=0.11,Q14*0.82,IF($K$6=0.1,Q14*0.84,IF($K$6=0.09,Q14*0.86,IF($K$6=0.08,Q14*0.88,IF($K$6=0.07,Q14*0.89,Q14))))),IF($K$6=0.05,Q14*0.82,IF($K$6=0.04,Q14*0.84,IF($K$6=0.03,Q14*0.86,IF($K$6=0.02,Q14*0.88,IF($K$6=0.01,Q14*0.89,Q14)))))) -> 4512.6 | R17: =IF($K$10="Sí",IF($K$6=0.11,R14*0.82,IF($K$6=0.1,R14*0.84,IF($K$6=0.09,R14*0.86,IF($K$6=0.08,R14*0.88,IF($K$6=0.07,R14*0.89,R14))))),IF($K$6=0.05,R14*0.82,IF($K$6=0.04,R14*0.84,IF($K$6=0.03,R14*0.86,IF($K$6=0.02,R14*0.88,IF($K$6=0.01,R14*0.89,R14)))))) -> 6262.2 | S17: =S14 -> 7192.8 | T17: =IF($K$10="Sí",IF($K$6=0.11,T14*0.82,IF($K$6=0.1,T14*0.84,IF($K$6=0.09,T14*0.86,IF($K$6=0.08,T14*0.88,IF($K$6=0.07,T14*0.89,T14))))),IF($K$6=0.05,T14*0.82,IF($K$6=0.04,T14*0.84,IF($K$6=0.03,T14*0.86,IF($K$6=0.02,T14*0.88,IF($K$6=0.01,T14*0.89,T14)))))) -> 8626.2 | U17: =IF($K$10="Sí",IF($K$6=0.11,U14*0.82,IF($K$6=0.1,U14*0.84,IF($K$6=0.09,U14*0.86,IF($K$6=0.08,U14*0.88,IF($K$6=0.07,U14*0.89,U14))))),IF($K$6=0.05,U14*0.82,IF($K$6=0.04,U14*0.84,IF($K$6=0.03,U14*0.86,IF($K$6=0.02,U14*0.88,IF($K$6=0.01,U14*0.89,U14)))))) | V17: =V14 | W17: =IF($K$10="Sí",IF($K$6=0.11,W14*0.82,IF($K$6=0.1,W14*0.84,IF($K$6=0.09,W14*0.86,IF($K$6=0.08,W14*0.88,IF($K$6=0.07,W14*0.89,W14))))),IF($K$6=0.05,W14*0.82,IF($K$6=0.04,W14*0.84,IF($K$6=0.03,W14*0.86,IF($K$6=0.02,W14*0.88,IF($K$6=0.01,W14*0.89,W14)))))) -> 6118.2 | X17: =X14 -> 3758.4
A18: 13 | I18: =IF(G18=0,TRUNC((TODAY()-DATE(D18,C18,B18))/365.25,0),G18) -> #NUM!
A19: 14 | I19: =IF(G19=0,TRUNC((TODAY()-DATE(D19,C19,B19))/365.25,0),G19) -> #NUM! | L19: SIN DENTAL | N19: ="Go"&" "&$K$3 -> Go 2 | O19: ="Plena Vital"&" "&$K$3 -> Plena Vital 2 | P19: ="Plena Total vital"&" "&$K$3 -> Plena Total vital 2 | Q19: ="Plena"&" "&$K$3 -> Plena 2 | R19: ="Plena Plus"&" "&$K$3 -> Plena Plus 2 | S19: ="Plena Total"&" "&$K$3 -> Plena Total 2 | T19: ="Plena Extra 150"&" "&$K$3 -> Plena Extra 150 2 | U19: ="Seniors"&" "&$K$3 -> Seniors 2 | V19: ="Seniors total"&" "&$K$3 -> Seniors total 2 | W19: ="Negocios NIF"&" "&$K$3 -> Negocios NIF 2 | X19: ="Pymes TOTAL"&" "&$K$3 -> Pymes TOTAL 2 | Y19: =IF(OR(COUNT(#REF!)=1,COUNT(#REF!)=2),"Extra Negocios NIF"&" "&$K$3&" "&COUNT(#REF!),"Extra Negocios NIF"&" "&$K$3) -> Extra Negocios NIF 2 | Z19: ="Negocios CIF"&" "&$K$3 -> Negocios CIF 2 | AA19: ="Extra Negocios CIF"&" "&$K$3 -> Extra Negocios CIF 2 | AB19: ="Empresas"&" "&$K$3 -> Empresas 2 | AC19: ="Extra Empresas"&" "&$K$3 -> Extra Empresas 2
A20: 15 | I20: =IF(G20=0,TRUNC((TODAY()-DATE(D20,C20,B20))/365.25,0),G20) -> #NUM!
L21: 1 | N21: =N57 -> 19.35 | O21: =IF(OR(O57="",O57=0),"",O57*(1-$K$8)) -> 45.45 | Q21: =IF(OR(Q57="",Q57=0),"",Q57*(1-$K$8)) -> 55.8 | R21: =IF(OR(R57="",R57=0),"",R57*(1-$K$8)) -> 67.5 | T21: =IF(OR(T57="",T57=0),"",T57*(1-$K$8)) -> 99 | U21: =IF(OR(U57="",U57=0),"",U57*(1-$K$8)) | W21: =IFERROR(__xludf.DUMMYFUNCTION("IFERROR(IF($I6="""","""",IF(VLOOKUP(LEFT(W$37,SEARCH(""☃"",SUBSTITUTE(W$37,"" "",""☃"",LEN(W$37)-LEN(SUBSTITUTE(W$37,"" "",""""))))-1),Excepciones!$A:$B,2,0)>=0,IFERROR(INDEX(filter(Precios!$D:$D,(Precios!$A:$A<=$I6)*(Precios!$B:$B>=$I6)*(Precios!$C:$C=W$"&"37)),1)*(1-$K$6),""No asegurable""),""No asegurable"")),"""")"),63.5) -> 63.5 | Y21: =IFERROR(__xludf.DUMMYFUNCTION("IFERROR(IF($I6="""","""",IF(VLOOKUP(LEFT(Y$37,SEARCH(""☃"",SUBSTITUTE(Y$37,"" "",""☃"",LEN(Y$37)-LEN(SUBSTITUTE(Y$37,"" "",""""))))-1),Excepciones!$A:$B,2,0)>=0,IFERROR((INDEX(filter(Precios!$D:$D,(Precios!$A:$A<=$I6)*(Precios!$B:$B>=$I6)*(Precios!$C:$C=Y"&"$37)),1)*(1-$K$6)+VLOOKUP($L21,Precios!$F:$G,2,0)),""No asegurable""),""No asegurable"")),"""")"),"") | Z21: =IFERROR(__xludf.DUMMYFUNCTION("IFERROR(IF($I6="""","""",IF(VLOOKUP(LEFT(Z$37,SEARCH(""☃"",SUBSTITUTE(Z$37,"" "",""☃"",LEN(Z$37)-LEN(SUBSTITUTE(Z$37,"" "",""""))))-1),Excepciones!$A:$B,2,0)>=0,IFERROR(INDEX(filter(Precios!$D:$D,(Precios!$A:$A<=$I6)*(Precios!$B:$B>=$I6)*(Precios!$C:$C=Z$"&"37)),1)*(1-$K$6),""No asegurable""),""No asegurable"")),"""")"),52.0) -> 52 | AA21: =IFERROR(__xludf.DUMMYFUNCTION("IFERROR(IF($I6="""","""",IF(VLOOKUP(LEFT(AA$37,SEARCH(""☃"",SUBSTITUTE(AA$37,"" "",""☃"",LEN(AA$37)-LEN(SUBSTITUTE(AA$37,"" "",""""))))-1),Excepciones!$A:$B,2,0)>=0,IFERROR(INDEX(filter(Precios!$D:$D,(Precios!$A:$A<=$I6)*(Precios!$B:$B>=$I6)*(Precios!$C:$"&"C=AA$37)),1)*(1-$K$6),""No asegurable""),""No asegurable"")),"""")"),76.5) -> 76.5 | AB21: =IFERROR(__xludf.DUMMYFUNCTION("IFERROR(IF($I6="""","""",IF(VLOOKUP(LEFT(AB$37,SEARCH(""☃"",SUBSTITUTE(AB$37,"" "",""☃"",LEN(AB$37)-LEN(SUBSTITUTE(AB$37,"" "",""""))))-1),Excepciones!$A:$B,2,0)>=0,IFERROR(INDEX(filter(Precios!$D:$D,(Precios!$A:$A<=$I6)*(Precios!$B:$B>=$I6)*(Precios!$C:$"&"C=AB$37)),1)*(1-$K$6),""No asegurable""),""No asegurable"")),"""")"),58.5) -> 58.5 | AC21: =IFERROR(__xludf.DUMMYFUNCTION("IFERROR(IF($I6="""","""",IF(VLOOKUP(LEFT(AC$37,SEARCH(""☃"",SUBSTITUTE(AC$37,"" "",""☃"",LEN(AC$37)-LEN(SUBSTITUTE(AC$37,"" "",""""))))-1),Excepciones!$A:$B,2,0)>=0,IFERROR(INDEX(filter(Precios!$D:$D,(Precios!$A:$A<=$I6)*(Precios!$B:$B>=$I6)*(Precios!$C:$"&"C=AC$37)),1)*(1-$K$6),""No asegurable""),""No asegurable"")),"""")"),81.5) -> 81.5
L22: 2 | N22: =N58 -> 19.35 | O22: =IF(OR(O58="",O58=0),"",O58*(1-$K$8)) -> 45.45 | Q22: =IF(OR(Q58="",Q58=0),"",Q58*(1-$K$8)) -> 55.8 | R22: =IF(OR(R58="",R58=0),"",R58*(1-$K$8)) -> 67.5 | T22: =IF(OR(T58="",T58=0),"",T58*(1-$K$8)) -> 99 | U22: =IF(OR(U58="",U58=0),"",U58*(1-$K$8)) | W22: =IFERROR(__xludf.DUMMYFUNCTION("IFERROR(IF($I7="""","""",IF(VLOOKUP(LEFT(W$37,SEARCH(""☃"",SUBSTITUTE(W$37,"" "",""☃"",LEN(W$37)-LEN(SUBSTITUTE(W$37,"" "",""""))))-1),Excepciones!$A:$B,2,0)>=0,IFERROR(INDEX(filter(Precios!$D:$D,(Precios!$A:$A<=$I7)*(Precios!$B:$B>=$I7)*(Precios!$C:$C=W$"&"37)),1)*(1-$K$6),""No asegurable""),""No asegurable"")),"""")"),63.5) -> 63.5 | Y22: =IFERROR(__xludf.DUMMYFUNCTION("IFERROR(IF($I7="""","""",IF(VLOOKUP(LEFT(Y$37,SEARCH(""☃"",SUBSTITUTE(Y$37,"" "",""☃"",LEN(Y$37)-LEN(SUBSTITUTE(Y$37,"" "",""""))))-1),Excepciones!$A:$B,2,0)>=0,IFERROR((INDEX(filter(Precios!$D:$D,(Precios!$A:$A<=$I7)*(Precios!$B:$B>=$I7)*(Precios!$C:$C=Y"&"$37)),1)*(1-$K$6)+VLOOKUP($L22,Precios!$F:$G,2,0)),""No asegurable""),""No asegurable"")),"""")"),"") | Z22: =IFERROR(__xludf.DUMMYFUNCTION("IFERROR(IF($I7="""","""",IF(VLOOKUP(LEFT(Z$37,SEARCH(""☃"",SUBSTITUTE(Z$37,"" "",""☃"",LEN(Z$37)-LEN(SUBSTITUTE(Z$37,"" "",""""))))-1),Excepciones!$A:$B,2,0)>=0,IFERROR(INDEX(filter(Precios!$D:$D,(Precios!$A:$A<=$I7)*(Precios!$B:$B>=$I7)*(Precios!$C:$C=Z$"&"37)),1)*(1-$K$6),""No asegurable""),""No asegurable"")),"""")"),52.0) -> 52 | AA22: =IFERROR(__xludf.DUMMYFUNCTION("IFERROR(IF($I7="""","""",IF(VLOOKUP(LEFT(AA$37,SEARCH(""☃"",SUBSTITUTE(AA$37,"" "",""☃"",LEN(AA$37)-LEN(SUBSTITUTE(AA$37,"" "",""""))))-1),Excepciones!$A:$B,2,0)>=0,IFERROR(INDEX(filter(Precios!$D:$D,(Precios!$A:$A<=$I7)*(Precios!$B:$B>=$I7)*(Precios!$C:$"&"C=AA$37)),1)*(1-$K$6),""No asegurable""),""No asegurable"")),"""")"),76.5) -> 76.5 | AB22: =IFERROR(__xludf.DUMMYFUNCTION("IFERROR(IF($I7="""","""",IF(VLOOKUP(LEFT(AB$37,SEARCH(""☃"",SUBSTITUTE(AB$37,"" "",""☃"",LEN(AB$37)-LEN(SUBSTITUTE(AB$37,"" "",""""))))-1),Excepciones!$A:$B,2,0)>=0,IFERROR(INDEX(filter(Precios!$D:$D,(Precios!$A:$A<=$I7)*(Precios!$B:$B>=$I7)*(Precios!$C:$"&"C=AB$37)),1)*(1-$K$6),""No asegurable""),""No asegurable"")),"""")"),58.5) -> 58.5 | AC22: =IFERROR(__xludf.DUMMYFUNCTION("IFERROR(IF($I7="""","""",IF(VLOOKUP(LEFT(AC$37,SEARCH(""☃"",SUBSTITUTE(AC$37,"" "",""☃"",LEN(AC$37)-LEN(SUBSTITUTE(AC$37,"" "",""""))))-1),Excepciones!$A:$B,2,0)>=0,IFERROR(INDEX(filter(Precios!$D:$D,(Precios!$A:$A<=$I7)*(Precios!$B:$B>=$I7)*(Precios!$C:$"&"C=AC$37)),1)*(1-$K$6),""No asegurable""),""No asegurable"")),"""")"),81.5) -> 81.5
L23: 3 | N23: =N59 -> 35.1 | O23: =IF(OR(O59="",O59=0),"",O59*(1-$K$8)) -> 85.5 | Q23: =IF(OR(Q59="",Q59=0),"",Q59*(1-$K$8)) -> 96.3 | R23: =IF(OR(R59="",R59=0),"",R59*(1-$K$8)) -> 139.5 | T23: =IF(OR(T59="",T59=0),"",T59*(1-$K$8)) -> 162 | U23: =IF(OR(U59="",U59=0),"",U59*(1-$K$8)) | W23: =IFERROR(__xludf.DUMMYFUNCTION("IFERROR(IF($I8="""","""",IF(VLOOKUP(LEFT(W$37,SEARCH(""☃"",SUBSTITUTE(W$37,"" "",""☃"",LEN(W$37)-LEN(SUBSTITUTE(W$37,"" "",""""))))-1),Excepciones!$A:$B,2,0)>=0,IFERROR(INDEX(filter(Precios!$D:$D,(Precios!$A:$A<=$I8)*(Precios!$B:$B>=$I8)*(Precios!$C:$C=W$"&"37)),1)*(1-$K$6),""No asegurable""),""No asegurable"")),"""")"),127.0) -> 127 | Y23: =IFERROR(__xludf.DUMMYFUNCTION("IFERROR(IF($I8="""","""",IF(VLOOKUP(LEFT(Y$37,SEARCH(""☃"",SUBSTITUTE(Y$37,"" "",""☃"",LEN(Y$37)-LEN(SUBSTITUTE(Y$37,"" "",""""))))-1),Excepciones!$A:$B,2,0)>=0,IFERROR((INDEX(filter(Precios!$D:$D,(Precios!$A:$A<=$I8)*(Precios!$B:$B>=$I8)*(Precios!$C:$C=Y"&"$37)),1)*(1-$K$6)+VLOOKUP($L23,Precios!$F:$G,2,0)),""No asegurable""),""No asegurable"")),"""")"),"") | Z23: =IFERROR(__xludf.DUMMYFUNCTION("IFERROR(IF($I8="""","""",IF(VLOOKUP(LEFT(Z$37,SEARCH(""☃"",SUBSTITUTE(Z$37,"" "",""☃"",LEN(Z$37)-LEN(SUBSTITUTE(Z$37,"" "",""""))))-1),Excepciones!$A:$B,2,0)>=0,IFERROR(INDEX(filter(Precios!$D:$D,(Precios!$A:$A<=$I8)*(Precios!$B:$B>=$I8)*(Precios!$C:$C=Z$"&"37)),1)*(1-$K$6),""No asegurable""),""No asegurable"")),"""")"),81.0) -> 81 | AA23: =IFERROR(__xludf.DUMMYFUNCTION("IFERROR(IF($I8="""","""",IF(VLOOKUP(LEFT(AA$37,SEARCH(""☃"",SUBSTITUTE(AA$37,"" "",""☃"",LEN(AA$37)-LEN(SUBSTITUTE(AA$37,"" "",""""))))-1),Excepciones!$A:$B,2,0)>=0,IFERROR(INDEX(filter(Precios!$D:$D,(Precios!$A:$A<=$I8)*(Precios!$B:$B>=$I8)*(Precios!$C:$"&"C=AA$37)),1)*(1-$K$6),""No asegurable""),""No asegurable"")),"""")"),115.0) -> 115 | AB23: =IFERROR(__xludf.DUMMYFUNCTION("IFERROR(IF($I8="""","""",IF(VLOOKUP(LEFT(AB$37,SEARCH(""☃"",SUBSTITUTE(AB$37,"" "",""☃"",LEN(AB$37)-LEN(SUBSTITUTE(AB$37,"" "",""""))))-1),Excepciones!$A:$B,2,0)>=0,IFERROR(INDEX(filter(Precios!$D:$D,(Precios!$A:$A<=$I8)*(Precios!$B:$B>=$I8)*(Precios!$C:$"&"C=AB$37)),1)*(1-$K$6),""No asegurable""),""No asegurable"")),"""")"),58.5) -> 58.5 | AC23: =IFERROR(__xludf.DUMMYFUNCTION("IFERROR(IF($I8="""","""",IF(VLOOKUP(LEFT(AC$37,SEARCH(""☃"",SUBSTITUTE(AC$37,"" "",""☃"",LEN(AC$37)-LEN(SUBSTITUTE(AC$37,"" "",""""))))-1),Excepciones!$A:$B,2,0)>=0,IFERROR(INDEX(filter(Precios!$D:$D,(Precios!$A:$A<=$I8)*(Precios!$B:$B>=$I8)*(Precios!$C:$"&"C=AC$37)),1)*(1-$K$6),""No asegurable""),""No asegurable"")),"""")"),81.5) -> 81.5
L24: 4 | N24: =N60 -> 35.1 | O24: =IF(OR(O60="",O60=0),"",O60*(1-$K$8)) -> 146.7 | Q24: =IF(OR(Q60="",Q60=0),"",Q60*(1-$K$8)) -> 150.3 | R24: =IF(OR(R60="",R60=0),"",R60*(1-$K$8)) -> 229.5 | T24: =IF(OR(T60="",T60=0),"",T60*(1-$K$8)) -> 270.9 | U24: =IF(OR(U60="",U60=0),"",U60*(1-$K$8)) | W24: =IFERROR(__xludf.DUMMYFUNCTION("IFERROR(IF($I9="""","""",IF(VLOOKUP(LEFT(W$37,SEARCH(""☃"",SUBSTITUTE(W$37,"" "",""☃"",LEN(W$37)-LEN(SUBSTITUTE(W$37,"" "",""""))))-1),Excepciones!$A:$B,2,0)>=0,IFERROR(INDEX(filter(Precios!$D:$D,(Precios!$A:$A<=$I9)*(Precios!$B:$B>=$I9)*(Precios!$C:$C=W$"&"37)),1)*(1-$K$6),""No asegurable""),""No asegurable"")),"""")"),238.0) -> 238 | Y24: =IFERROR(__xludf.DUMMYFUNCTION("IFERROR(IF($I9="""","""",IF(VLOOKUP(LEFT(Y$37,SEARCH(""☃"",SUBSTITUTE(Y$37,"" "",""☃"",LEN(Y$37)-LEN(SUBSTITUTE(Y$37,"" "",""""))))-1),Excepciones!$A:$B,2,0)>=0,IFERROR((INDEX(filter(Precios!$D:$D,(Precios!$A:$A<=$I9)*(Precios!$B:$B>=$I9)*(Precios!$C:$C=Y"&"$37)),1)*(1-$K$6)+VLOOKUP($L24,Precios!$F:$G,2,0)),""No asegurable""),""No asegurable"")),"""")"),"") | Z24: =IFERROR(__xludf.DUMMYFUNCTION("IFERROR(IF($I9="""","""",IF(VLOOKUP(LEFT(Z$37,SEARCH(""☃"",SUBSTITUTE(Z$37,"" "",""☃"",LEN(Z$37)-LEN(SUBSTITUTE(Z$37,"" "",""""))))-1),Excepciones!$A:$B,2,0)>=0,IFERROR(INDEX(filter(Precios!$D:$D,(Precios!$A:$A<=$I9)*(Precios!$B:$B>=$I9)*(Precios!$C:$C=Z$"&"37)),1)*(1-$K$6),""No asegurable""),""No asegurable"")),"""")"),105.0) -> 105 | AA24: =IFERROR(__xludf.DUMMYFUNCTION("IFERROR(IF($I9="""","""",IF(VLOOKUP(LEFT(AA$37,SEARCH(""☃"",SUBSTITUTE(AA$37,"" "",""☃"",LEN(AA$37)-LEN(SUBSTITUTE(AA$37,"" "",""""))))-1),Excepciones!$A:$B,2,0)>=0,IFERROR(INDEX(filter(Precios!$D:$D,(Precios!$A:$A<=$I9)*(Precios!$B:$B>=$I9)*(Precios!$C:$"&"C=AA$37)),1)*(1-$K$6),""No asegurable""),""No asegurable"")),"""")"),137.0) -> 137 | AB24: =IFERROR(__xludf.DUMMYFUNCTION("IFERROR(IF($I9="""","""",IF(VLOOKUP(LEFT(AB$37,SEARCH(""☃"",SUBSTITUTE(AB$37,"" "",""☃"",LEN(AB$37)-LEN(SUBSTITUTE(AB$37,"" "",""""))))-1),Excepciones!$A:$B,2,0)>=0,IFERROR(INDEX(filter(Precios!$D:$D,(Precios!$A:$A<=$I9)*(Precios!$B:$B>=$I9)*(Precios!$C:$"&"C=AB$37)),1)*(1-$K$6),""No asegurable""),""No asegurable"")),"""")"),92.0) -> 92 | AC24: =IFERROR(__xludf.DUMMYFUNCTION("IFERROR(IF($I9="""","""",IF(VLOOKUP(LEFT(AC$37,SEARCH(""☃"",SUBSTITUTE(AC$37,"" "",""☃"",LEN(AC$37)-LEN(SUBSTITUTE(AC$37,"" "",""""))))-1),Excepciones!$A:$B,2,0)>=0,IFERROR(INDEX(filter(Precios!$D:$D,(Precios!$A:$A<=$I9)*(Precios!$B:$B>=$I9)*(Precios!$C:$"&"C=AC$37)),1)*(1-$K$6),""No asegurable""),""No asegurable"")),"""")"),115.0) -> 115
L25: 5 | N25: =N61 | O25: =IF(OR(O61="",O61=0),"",O61*(1-$K$8)) | Q25: =IF(OR(Q61="",Q61=0),"",Q61*(1-$K$8)) | R25: =IF(OR(R61="",R61=0),"",R61*(1-$K$8)) | T25: =IF(OR(T61="",T61=0),"",T61*(1-$K$8)) | U25: =IF(OR(U61="",U61=0),"",U61*(1-$K$8)) | W25: =IFERROR(__xludf.DUMMYFUNCTION("IFERROR(IF($I10="""","""",IF(VLOOKUP(LEFT(W$37,SEARCH(""☃"",SUBSTITUTE(W$37,"" "",""☃"",LEN(W$37)-LEN(SUBSTITUTE(W$37,"" "",""""))))-1),Excepciones!$A:$B,2,0)>=0,IFERROR(INDEX(filter(Precios!$D:$D,(Precios!$A:$A<=$I10)*(Precios!$B:$B>=$I10)*(Precios!$C:$C"&"=W$37)),1)*(1-$K$6),""No asegurable""),""No asegurable"")),"""")"),"") | Y25: =IFERROR(__xludf.DUMMYFUNCTION("IFERROR(IF($I10="""","""",IF(VLOOKUP(LEFT(Y$37,SEARCH(""☃"",SUBSTITUTE(Y$37,"" "",""☃"",LEN(Y$37)-LEN(SUBSTITUTE(Y$37,"" "",""""))))-1),Excepciones!$A:$B,2,0)>=0,IFERROR((INDEX(filter(Precios!$D:$D,(Precios!$A:$A<=$I10)*(Precios!$B:$B>=$I10)*(Precios!$C:$"&"C=Y$37)),1)*(1-$K$6)+VLOOKUP($L25,Precios!$F:$G,2,0)),""No asegurable""),""No asegurable"")),"""")"),"") | Z25: =IFERROR(__xludf.DUMMYFUNCTION("IFERROR(IF($I10="""","""",IF(VLOOKUP(LEFT(Z$37,SEARCH(""☃"",SUBSTITUTE(Z$37,"" "",""☃"",LEN(Z$37)-LEN(SUBSTITUTE(Z$37,"" "",""""))))-1),Excepciones!$A:$B,2,0)>=0,IFERROR(INDEX(filter(Precios!$D:$D,(Precios!$A:$A<=$I10)*(Precios!$B:$B>=$I10)*(Precios!$C:$C"&"=Z$37)),1)*(1-$K$6),""No asegurable""),""No asegurable"")),"""")"),"") | AA25: =IFERROR(__xludf.DUMMYFUNCTION("IFERROR(IF($I10="""","""",IF(VLOOKUP(LEFT(AA$37,SEARCH(""☃"",SUBSTITUTE(AA$37,"" "",""☃"",LEN(AA$37)-LEN(SUBSTITUTE(AA$37,"" "",""""))))-1),Excepciones!$A:$B,2,0)>=0,IFERROR(INDEX(filter(Precios!$D:$D,(Precios!$A:$A<=$I10)*(Precios!$B:$B>=$I10)*(Precios!$"&"C:$C=AA$37)),1)*(1-$K$6),""No asegurable""),""No asegurable"")),"""")"),"") | AB25: =IFERROR(__xludf.DUMMYFUNCTION("IFERROR(IF($I10="""","""",IF(VLOOKUP(LEFT(AB$37,SEARCH(""☃"",SUBSTITUTE(AB$37,"" "",""☃"",LEN(AB$37)-LEN(SUBSTITUTE(AB$37,"" "",""""))))-1),Excepciones!$A:$B,2,0)>=0,IFERROR(INDEX(filter(Precios!$D:$D,(Precios!$A:$A<=$I10)*(Precios!$B:$B>=$I10)*(Precios!$"&"C:$C=AB$37)),1)*(1-$K$6),""No asegurable""),""No asegurable"")),"""")"),"") | AC25: =IFERROR(__xludf.DUMMYFUNCTION("IFERROR(IF($I10="""","""",IF(VLOOKUP(LEFT(AC$37,SEARCH(""☃"",SUBSTITUTE(AC$37,"" "",""☃"",LEN(AC$37)-LEN(SUBSTITUTE(AC$37,"" "",""""))))-1),Excepciones!$A:$B,2,0)>=0,IFERROR(INDEX(filter(Precios!$D:$D,(Precios!$A:$A<=$I10)*(Precios!$B:$B>=$I10)*(Precios!$"&"C:$C=AC$37)),1)*(1-$K$6),""No asegurable""),""No asegurable"")),"""")"),"")
L26: 6 | N26: =N62 | O26: =IF(OR(O62="",O62=0),"",O62*(1-$K$8)) | Q26: =IF(OR(Q62="",Q62=0),"",Q62*(1-$K$8)) | R26: =IF(OR(R62="",R62=0),"",R62*(1-$K$8)) | T26: =IF(OR(T62="",T62=0),"",T62*(1-$K$8)) | U26: =IF(OR(U62="",U62=0),"",U62*(1-$K$8)) | W26: =IFERROR(__xludf.DUMMYFUNCTION("IFERROR(IF($I11="""","""",IF(VLOOKUP(LEFT(W$37,SEARCH(""☃"",SUBSTITUTE(W$37,"" "",""☃"",LEN(W$37)-LEN(SUBSTITUTE(W$37,"" "",""""))))-1),Excepciones!$A:$B,2,0)>=0,IFERROR(INDEX(filter(Precios!$D:$D,(Precios!$A:$A<=$I11)*(Precios!$B:$B>=$I11)*(Precios!$C:$C"&"=W$37)),1)*(1-$K$6),""No asegurable""),""No asegurable"")),"""")"),"") | Y26: =IFERROR(__xludf.DUMMYFUNCTION("IFERROR(IF($I11="""","""",IF(VLOOKUP(LEFT(Y$37,SEARCH(""☃"",SUBSTITUTE(Y$37,"" "",""☃"",LEN(Y$37)-LEN(SUBSTITUTE(Y$37,"" "",""""))))-1),Excepciones!$A:$B,2,0)>=0,IFERROR((INDEX(filter(Precios!$D:$D,(Precios!$A:$A<=$I11)*(Precios!$B:$B>=$I11)*(Precios!$C:$"&"C=Y$37)),1)*(1-$K$6)+VLOOKUP($L26,Precios!$F:$G,2,0)),""No asegurable""),""No asegurable"")),"""")"),"") | Z26: =IFERROR(__xludf.DUMMYFUNCTION("IFERROR(IF($I11="""","""",IF(VLOOKUP(LEFT(Z$37,SEARCH(""☃"",SUBSTITUTE(Z$37,"" "",""☃"",LEN(Z$37)-LEN(SUBSTITUTE(Z$37,"" "",""""))))-1),Excepciones!$A:$B,2,0)>=0,IFERROR(INDEX(filter(Precios!$D:$D,(Precios!$A:$A<=$I11)*(Precios!$B:$B>=$I11)*(Precios!$C:$C"&"=Z$37)),1)*(1-$K$6),""No asegurable""),""No asegurable"")),"""")"),"") | AA26: =IFERROR(__xludf.DUMMYFUNCTION("IFERROR(IF($I11="""","""",IF(VLOOKUP(LEFT(AA$37,SEARCH(""☃"",SUBSTITUTE(AA$37,"" "",""☃"",LEN(AA$37)-LEN(SUBSTITUTE(AA$37,"" "",""""))))-1),Excepciones!$A:$B,2,0)>=0,IFERROR(INDEX(filter(Precios!$D:$D,(Precios!$A:$A<=$I11)*(Precios!$B:$B>=$I11)*(Precios!$"&"C:$C=AA$37)),1)*(1-$K$6),""No asegurable""),""No asegurable"")),"""")"),"") | AB26: =IFERROR(__xludf.DUMMYFUNCTION("IFERROR(IF($I11="""","""",IF(VLOOKUP(LEFT(AB$37,SEARCH(""☃"",SUBSTITUTE(AB$37,"" "",""☃"",LEN(AB$37)-LEN(SUBSTITUTE(AB$37,"" "",""""))))-1),Excepciones!$A:$B,2,0)>=0,IFERROR(INDEX(filter(Precios!$D:$D,(Precios!$A:$A<=$I11)*(Precios!$B:$B>=$I11)*(Precios!$"&"C:$C=AB$37)),1)*(1-$K$6),""No asegurable""),""No asegurable"")),"""")"),"") | AC26: =IFERROR(__xludf.DUMMYFUNCTION("IFERROR(IF($I11="""","""",IF(VLOOKUP(LEFT(AC$37,SEARCH(""☃"",SUBSTITUTE(AC$37,"" "",""☃"",LEN(AC$37)-LEN(SUBSTITUTE(AC$37,"" "",""""))))-1),Excepciones!$A:$B,2,0)>=0,IFERROR(INDEX(filter(Precios!$D:$D,(Precios!$A:$A<=$I11)*(Precios!$B:$B>=$I11)*(Precios!$"&"C:$C=AC$37)),1)*(1-$K$6),""No asegurable""),""No asegurable"")),"""")"),"")
L27: 7 | N27: =N63 | O27: =IF(OR(O63="",O63=0),"",O63*(1-$K$8)) | Q27: =IF(OR(Q63="",Q63=0),"",Q63*(1-$K$8)) | R27: =IF(OR(R63="",R63=0),"",R63*(1-$K$8)) | T27: =IF(OR(T63="",T63=0),"",T63*(1-$K$8)) | U27: =IF(OR(U63="",U63=0),"",U63*(1-$K$8)) | W27: =IFERROR(__xludf.DUMMYFUNCTION("IFERROR(IF($I12="""","""",IF(VLOOKUP(LEFT(W$37,SEARCH(""☃"",SUBSTITUTE(W$37,"" "",""☃"",LEN(W$37)-LEN(SUBSTITUTE(W$37,"" "",""""))))-1),Excepciones!$A:$B,2,0)>=0,IFERROR(INDEX(filter(Precios!$D:$D,(Precios!$A:$A<=$I12)*(Precios!$B:$B>=$I12)*(Precios!$C:$C"&"=W$37)),1)*(1-$K$6),""No asegurable""),""No asegurable"")),"""")"),"") | Y27: =IFERROR(__xludf.DUMMYFUNCTION("IFERROR(IF($I12="""","""",IF(VLOOKUP(LEFT(Y$37,SEARCH(""☃"",SUBSTITUTE(Y$37,"" "",""☃"",LEN(Y$37)-LEN(SUBSTITUTE(Y$37,"" "",""""))))-1),Excepciones!$A:$B,2,0)>=0,IFERROR((INDEX(filter(Precios!$D:$D,(Precios!$A:$A<=$I12)*(Precios!$B:$B>=$I12)*(Precios!$C:$"&"C=Y$37)),1)*(1-$K$6)+VLOOKUP($L27,Precios!$F:$G,2,0)),""No asegurable""),""No asegurable"")),"""")"),"") | Z27: =IFERROR(__xludf.DUMMYFUNCTION("IFERROR(IF($I12="""","""",IF(VLOOKUP(LEFT(Z$37,SEARCH(""☃"",SUBSTITUTE(Z$37,"" "",""☃"",LEN(Z$37)-LEN(SUBSTITUTE(Z$37,"" "",""""))))-1),Excepciones!$A:$B,2,0)>=0,IFERROR(INDEX(filter(Precios!$D:$D,(Precios!$A:$A<=$I12)*(Precios!$B:$B>=$I12)*(Precios!$C:$C"&"=Z$37)),1)*(1-$K$6),""No asegurable""),""No asegurable"")),"""")"),"") | AA27: =IFERROR(__xludf.DUMMYFUNCTION("IFERROR(IF($I12="""","""",IF(VLOOKUP(LEFT(AA$37,SEARCH(""☃"",SUBSTITUTE(AA$37,"" "",""☃"",LEN(AA$37)-LEN(SUBSTITUTE(AA$37,"" "",""""))))-1),Excepciones!$A:$B,2,0)>=0,IFERROR(INDEX(filter(Precios!$D:$D,(Precios!$A:$A<=$I12)*(Precios!$B:$B>=$I12)*(Precios!$"&"C:$C=AA$37)),1)*(1-$K$6),""No asegurable""),""No asegurable"")),"""")"),"") | AB27: =IFERROR(__xludf.DUMMYFUNCTION("IFERROR(IF($I12="""","""",IF(VLOOKUP(LEFT(AB$37,SEARCH(""☃"",SUBSTITUTE(AB$37,"" "",""☃"",LEN(AB$37)-LEN(SUBSTITUTE(AB$37,"" "",""""))))-1),Excepciones!$A:$B,2,0)>=0,IFERROR(INDEX(filter(Precios!$D:$D,(Precios!$A:$A<=$I12)*(Precios!$B:$B>=$I12)*(Precios!$"&"C:$C=AB$37)),1)*(1-$K$6),""No asegurable""),""No asegurable"")),"""")"),"") | AC27: =IFERROR(__xludf.DUMMYFUNCTION("IFERROR(IF($I12="""","""",IF(VLOOKUP(LEFT(AC$37,SEARCH(""☃"",SUBSTITUTE(AC$37,"" "",""☃"",LEN(AC$37)-LEN(SUBSTITUTE(AC$37,"" "",""""))))-1),Excepciones!$A:$B,2,0)>=0,IFERROR(INDEX(filter(Precios!$D:$D,(Precios!$A:$A<=$I12)*(Precios!$B:$B>=$I12)*(Precios!$"&"C:$C=AC$37)),1)*(1-$K$6),""No asegurable""),""No asegurable"")),"""")"),"")
L28: 8 | N28: =N64 | O28: =IF(OR(O64="",O64=0),"",O64*(1-$K$8)) | Q28: =IF(OR(Q64="",Q64=0),"",Q64*(1-$K$8)) | R28: =IF(OR(R64="",R64=0),"",R64*(1-$K$8)) | T28: =IF(OR(T64="",T64=0),"",T64*(1-$K$8)) | U28: =IF(OR(U64="",U64=0),"",U64*(1-$K$8)) | W28: =IFERROR(__xludf.DUMMYFUNCTION("IFERROR(IF($I13="""","""",IF(VLOOKUP(LEFT(W$37,SEARCH(""☃"",SUBSTITUTE(W$37,"" "",""☃"",LEN(W$37)-LEN(SUBSTITUTE(W$37,"" "",""""))))-1),Excepciones!$A:$B,2,0)>=0,IFERROR(INDEX(filter(Precios!$D:$D,(Precios!$A:$A<=$I13)*(Precios!$B:$B>=$I13)*(Precios!$C:$C"&"=W$37)),1)*(1-$K$6),""No asegurable""),""No asegurable"")),"""")"),"") | Y28: =IFERROR(__xludf.DUMMYFUNCTION("IFERROR(IF($I13="""","""",IF(VLOOKUP(LEFT(Y$37,SEARCH(""☃"",SUBSTITUTE(Y$37,"" "",""☃"",LEN(Y$37)-LEN(SUBSTITUTE(Y$37,"" "",""""))))-1),Excepciones!$A:$B,2,0)>=0,IFERROR((INDEX(filter(Precios!$D:$D,(Precios!$A:$A<=$I13)*(Precios!$B:$B>=$I13)*(Precios!$C:$"&"C=Y$37)),1)*(1-$K$6)+VLOOKUP($L28,Precios!$F:$G,2,0)),""No asegurable""),""No asegurable"")),"""")"),"") | Z28: =IFERROR(__xludf.DUMMYFUNCTION("IFERROR(IF($I13="""","""",IF(VLOOKUP(LEFT(Z$37,SEARCH(""☃"",SUBSTITUTE(Z$37,"" "",""☃"",LEN(Z$37)-LEN(SUBSTITUTE(Z$37,"" "",""""))))-1),Excepciones!$A:$B,2,0)>=0,IFERROR(INDEX(filter(Precios!$D:$D,(Precios!$A:$A<=$I13)*(Precios!$B:$B>=$I13)*(Precios!$C:$C"&"=Z$37)),1)*(1-$K$6),""No asegurable""),""No asegurable"")),"""")"),"") | AA28: =IFERROR(__xludf.DUMMYFUNCTION("IFERROR(IF($I13="""","""",IF(VLOOKUP(LEFT(AA$37,SEARCH(""☃"",SUBSTITUTE(AA$37,"" "",""☃"",LEN(AA$37)-LEN(SUBSTITUTE(AA$37,"" "",""""))))-1),Excepciones!$A:$B,2,0)>=0,IFERROR(INDEX(filter(Precios!$D:$D,(Precios!$A:$A<=$I13)*(Precios!$B:$B>=$I13)*(Precios!$"&"C:$C=AA$37)),1)*(1-$K$6),""No asegurable""),""No asegurable"")),"""")"),"") | AB28: =IFERROR(__xludf.DUMMYFUNCTION("IFERROR(IF($I13="""","""",IF(VLOOKUP(LEFT(AB$37,SEARCH(""☃"",SUBSTITUTE(AB$37,"" "",""☃"",LEN(AB$37)-LEN(SUBSTITUTE(AB$37,"" "",""""))))-1),Excepciones!$A:$B,2,0)>=0,IFERROR(INDEX(filter(Precios!$D:$D,(Precios!$A:$A<=$I13)*(Precios!$B:$B>=$I13)*(Precios!$"&"C:$C=AB$37)),1)*(1-$K$6),""No asegurable""),""No asegurable"")),"""")"),"") | AC28: =IFERROR(__xludf.DUMMYFUNCTION("IFERROR(IF($I13="""","""",IF(VLOOKUP(LEFT(AC$37,SEARCH(""☃"",SUBSTITUTE(AC$37,"" "",""☃"",LEN(AC$37)-LEN(SUBSTITUTE(AC$37,"" "",""""))))-1),Excepciones!$A:$B,2,0)>=0,IFERROR(INDEX(filter(Precios!$D:$D,(Precios!$A:$A<=$I13)*(Precios!$B:$B>=$I13)*(Precios!$"&"C:$C=AC$37)),1)*(1-$K$6),""No asegurable""),""No asegurable"")),"""")"),"")
L29: 9 | N29: =N65 | O29: =IF(OR(O65="",O65=0),"",O65*(1-$K$8)) | Q29: =IF(OR(Q65="",Q65=0),"",Q65*(1-$K$8)) | R29: =IF(OR(R65="",R65=0),"",R65*(1-$K$8)) | T29: =IF(OR(T65="",T65=0),"",T65*(1-$K$8)) | U29: =IF(OR(U65="",U65=0),"",U65*(1-$K$8)) | W29: =IFERROR(__xludf.DUMMYFUNCTION("IFERROR(IF($I14="""","""",IF(VLOOKUP(LEFT(W$37,SEARCH(""☃"",SUBSTITUTE(W$37,"" "",""☃"",LEN(W$37)-LEN(SUBSTITUTE(W$37,"" "",""""))))-1),Excepciones!$A:$B,2,0)>=0,IFERROR(INDEX(filter(Precios!$D:$D,(Precios!$A:$A<=$I14)*(Precios!$B:$B>=$I14)*(Precios!$C:$C"&"=W$37)),1)*(1-$K$6),""No asegurable""),""No asegurable"")),"""")"),"") | Y29: =IFERROR(__xludf.DUMMYFUNCTION("IFERROR(IF($I14="""","""",IF(VLOOKUP(LEFT(Y$37,SEARCH(""☃"",SUBSTITUTE(Y$37,"" "",""☃"",LEN(Y$37)-LEN(SUBSTITUTE(Y$37,"" "",""""))))-1),Excepciones!$A:$B,2,0)>=0,IFERROR((INDEX(filter(Precios!$D:$D,(Precios!$A:$A<=$I14)*(Precios!$B:$B>=$I14)*(Precios!$C:$"&"C=Y$37)),1)*(1-$K$6)+VLOOKUP($L29,Precios!$F:$G,2,0)),""No asegurable""),""No asegurable"")),"""")"),"") | Z29: =IFERROR(__xludf.DUMMYFUNCTION("IFERROR(IF($I14="""","""",IF(VLOOKUP(LEFT(Z$37,SEARCH(""☃"",SUBSTITUTE(Z$37,"" "",""☃"",LEN(Z$37)-LEN(SUBSTITUTE(Z$37,"" "",""""))))-1),Excepciones!$A:$B,2,0)>=0,IFERROR(INDEX(filter(Precios!$D:$D,(Precios!$A:$A<=$I14)*(Precios!$B:$B>=$I14)*(Precios!$C:$C"&"=Z$37)),1)*(1-$K$6),""No asegurable""),""No asegurable"")),"""")"),"") | AA29: =IFERROR(__xludf.DUMMYFUNCTION("IFERROR(IF($I14="""","""",IF(VLOOKUP(LEFT(AA$37,SEARCH(""☃"",SUBSTITUTE(AA$37,"" "",""☃"",LEN(AA$37)-LEN(SUBSTITUTE(AA$37,"" "",""""))))-1),Excepciones!$A:$B,2,0)>=0,IFERROR(INDEX(filter(Precios!$D:$D,(Precios!$A:$A<=$I14)*(Precios!$B:$B>=$I14)*(Precios!$"&"C:$C=AA$37)),1)*(1-$K$6),""No asegurable""),""No asegurable"")),"""")"),"") | AB29: =IFERROR(__xludf.DUMMYFUNCTION("IFERROR(IF($I14="""","""",IF(VLOOKUP(LEFT(AB$37,SEARCH(""☃"",SUBSTITUTE(AB$37,"" "",""☃"",LEN(AB$37)-LEN(SUBSTITUTE(AB$37,"" "",""""))))-1),Excepciones!$A:$B,2,0)>=0,IFERROR(INDEX(filter(Precios!$D:$D,(Precios!$A:$A<=$I14)*(Precios!$B:$B>=$I14)*(Precios!$"&"C:$C=AB$37)),1)*(1-$K$6),""No asegurable""),""No asegurable"")),"""")"),"") | AC29: =IFERROR(__xludf.DUMMYFUNCTION("IFERROR(IF($I14="""","""",IF(VLOOKUP(LEFT(AC$37,SEARCH(""☃"",SUBSTITUTE(AC$37,"" "",""☃"",LEN(AC$37)-LEN(SUBSTITUTE(AC$37,"" "",""""))))-1),Excepciones!$A:$B,2,0)>=0,IFERROR(INDEX(filter(Precios!$D:$D,(Precios!$A:$A<=$I14)*(Precios!$B:$B>=$I14)*(Precios!$"&"C:$C=AC$37)),1)*(1-$K$6),""No asegurable""),""No asegurable"")),"""")"),"")
L30: 10 | N30: =N66 | O30: =IF(OR(O66="",O66=0),"",O66*(1-$K$8)) | Q30: =IF(OR(Q66="",Q66=0),"",Q66*(1-$K$8)) | R30: =IF(OR(R66="",R66=0),"",R66*(1-$K$8)) | T30: =IF(OR(T66="",T66=0),"",T66*(1-$K$8)) | U30: =IF(OR(U66="",U66=0),"",U66*(1-$K$8)) | W30: =IFERROR(__xludf.DUMMYFUNCTION("IFERROR(IF($I15="""","""",IF(VLOOKUP(LEFT(W$37,SEARCH(""☃"",SUBSTITUTE(W$37,"" "",""☃"",LEN(W$37)-LEN(SUBSTITUTE(W$37,"" "",""""))))-1),Excepciones!$A:$B,2,0)>=0,IFERROR(INDEX(filter(Precios!$D:$D,(Precios!$A:$A<=$I15)*(Precios!$B:$B>=$I15)*(Precios!$C:$C"&"=W$37)),1)*(1-$K$6),""No asegurable""),""No asegurable"")),"""")"),"") | Y30: =IFERROR(__xludf.DUMMYFUNCTION("IFERROR(IF($I15="""","""",IF(VLOOKUP(LEFT(Y$37,SEARCH(""☃"",SUBSTITUTE(Y$37,"" "",""☃"",LEN(Y$37)-LEN(SUBSTITUTE(Y$37,"" "",""""))))-1),Excepciones!$A:$B,2,0)>=0,IFERROR((INDEX(filter(Precios!$D:$D,(Precios!$A:$A<=$I15)*(Precios!$B:$B>=$I15)*(Precios!$C:$"&"C=Y$37)),1)*(1-$K$6)+VLOOKUP($L30,Precios!$F:$G,2,0)),""No asegurable""),""No asegurable"")),"""")"),"") | Z30: =IFERROR(__xludf.DUMMYFUNCTION("IFERROR(IF($I15="""","""",IF(VLOOKUP(LEFT(Z$37,SEARCH(""☃"",SUBSTITUTE(Z$37,"" "",""☃"",LEN(Z$37)-LEN(SUBSTITUTE(Z$37,"" "",""""))))-1),Excepciones!$A:$B,2,0)>=0,IFERROR(INDEX(filter(Precios!$D:$D,(Precios!$A:$A<=$I15)*(Precios!$B:$B>=$I15)*(Precios!$C:$C"&"=Z$37)),1)*(1-$K$6),""No asegurable""),""No asegurable"")),"""")"),"") | AA30: =IFERROR(__xludf.DUMMYFUNCTION("IFERROR(IF($I15="""","""",IF(VLOOKUP(LEFT(AA$37,SEARCH(""☃"",SUBSTITUTE(AA$37,"" "",""☃"",LEN(AA$37)-LEN(SUBSTITUTE(AA$37,"" "",""""))))-1),Excepciones!$A:$B,2,0)>=0,IFERROR(INDEX(filter(Precios!$D:$D,(Precios!$A:$A<=$I15)*(Precios!$B:$B>=$I15)*(Precios!$"&"C:$C=AA$37)),1)*(1-$K$6),""No asegurable""),""No asegurable"")),"""")"),"") | AB30: =IFERROR(__xludf.DUMMYFUNCTION("IFERROR(IF($I15="""","""",IF(VLOOKUP(LEFT(AB$37,SEARCH(""☃"",SUBSTITUTE(AB$37,"" "",""☃"",LEN(AB$37)-LEN(SUBSTITUTE(AB$37,"" "",""""))))-1),Excepciones!$A:$B,2,0)>=0,IFERROR(INDEX(filter(Precios!$D:$D,(Precios!$A:$A<=$I15)*(Precios!$B:$B>=$I15)*(Precios!$"&"C:$C=AB$37)),1)*(1-$K$6),""No asegurable""),""No asegurable"")),"""")"),"") | AC30: =IFERROR(__xludf.DUMMYFUNCTION("IFERROR(IF($I15="""","""",IF(VLOOKUP(LEFT(AC$37,SEARCH(""☃"",SUBSTITUTE(AC$37,"" "",""☃"",LEN(AC$37)-LEN(SUBSTITUTE(AC$37,"" "",""""))))-1),Excepciones!$A:$B,2,0)>=0,IFERROR(INDEX(filter(Precios!$D:$D,(Precios!$A:$A<=$I15)*(Precios!$B:$B>=$I15)*(Precios!$"&"C:$C=AC$37)),1)*(1-$K$6),""No asegurable""),""No asegurable"")),"""")"),"")
L31: 11 | N31: =N67 | O31: =IF(OR(O67="",O67=0),"",O67*(1-$K$8)) | Q31: =IF(OR(Q67="",Q67=0),"",Q67*(1-$K$8)) | R31: =IF(OR(R67="",R67=0),"",R67*(1-$K$8)) | T31: =IF(OR(T67="",T67=0),"",T67*(1-$K$8)) | U31: =IF(OR(U67="",U67=0),"",U67*(1-$K$8)) | W31: =IFERROR(__xludf.DUMMYFUNCTION("IFERROR(IF($I16="""","""",IF(VLOOKUP(LEFT(W$37,SEARCH(""☃"",SUBSTITUTE(W$37,"" "",""☃"",LEN(W$37)-LEN(SUBSTITUTE(W$37,"" "",""""))))-1),Excepciones!$A:$B,2,0)>=0,IFERROR(INDEX(filter(Precios!$D:$D,(Precios!$A:$A<=$I16)*(Precios!$B:$B>=$I16)*(Precios!$C:$C"&"=W$37)),1)*(1-$K$6),""No asegurable""),""No asegurable"")),"""")"),"") | Y31: =IFERROR(__xludf.DUMMYFUNCTION("IFERROR(IF($I16="""","""",IF(VLOOKUP(LEFT(Y$37,SEARCH(""☃"",SUBSTITUTE(Y$37,"" "",""☃"",LEN(Y$37)-LEN(SUBSTITUTE(Y$37,"" "",""""))))-1),Excepciones!$A:$B,2,0)>=0,IFERROR((INDEX(filter(Precios!$D:$D,(Precios!$A:$A<=$I16)*(Precios!$B:$B>=$I16)*(Precios!$C:$"&"C=Y$37)),1)*(1-$K$6)+VLOOKUP($L31,Precios!$F:$G,2,0)),""No asegurable""),""No asegurable"")),"""")"),"") | Z31: =IFERROR(__xludf.DUMMYFUNCTION("IFERROR(IF($I16="""","""",IF(VLOOKUP(LEFT(Z$37,SEARCH(""☃"",SUBSTITUTE(Z$37,"" "",""☃"",LEN(Z$37)-LEN(SUBSTITUTE(Z$37,"" "",""""))))-1),Excepciones!$A:$B,2,0)>=0,IFERROR(INDEX(filter(Precios!$D:$D,(Precios!$A:$A<=$I16)*(Precios!$B:$B>=$I16)*(Precios!$C:$C"&"=Z$37)),1)*(1-$K$6),""No asegurable""),""No asegurable"")),"""")"),"") | AA31: =IFERROR(__xludf.DUMMYFUNCTION("IFERROR(IF($I16="""","""",IF(VLOOKUP(LEFT(AA$37,SEARCH(""☃"",SUBSTITUTE(AA$37,"" "",""☃"",LEN(AA$37)-LEN(SUBSTITUTE(AA$37,"" "",""""))))-1),Excepciones!$A:$B,2,0)>=0,IFERROR(INDEX(filter(Precios!$D:$D,(Precios!$A:$A<=$I16)*(Precios!$B:$B>=$I16)*(Precios!$"&"C:$C=AA$37)),1)*(1-$K$6),""No asegurable""),""No asegurable"")),"""")"),"") | AB31: =IFERROR(__xludf.DUMMYFUNCTION("IFERROR(IF($I16="""","""",IF(VLOOKUP(LEFT(AB$37,SEARCH(""☃"",SUBSTITUTE(AB$37,"" "",""☃"",LEN(AB$37)-LEN(SUBSTITUTE(AB$37,"" "",""""))))-1),Excepciones!$A:$B,2,0)>=0,IFERROR(INDEX(filter(Precios!$D:$D,(Precios!$A:$A<=$I16)*(Precios!$B:$B>=$I16)*(Precios!$"&"C:$C=AB$37)),1)*(1-$K$6),""No asegurable""),""No asegurable"")),"""")"),"") | AC31: =IFERROR(__xludf.DUMMYFUNCTION("IFERROR(IF($I16="""","""",IF(VLOOKUP(LEFT(AC$37,SEARCH(""☃"",SUBSTITUTE(AC$37,"" "",""☃"",LEN(AC$37)-LEN(SUBSTITUTE(AC$37,"" "",""""))))-1),Excepciones!$A:$B,2,0)>=0,IFERROR(INDEX(filter(Precios!$D:$D,(Precios!$A:$A<=$I16)*(Precios!$B:$B>=$I16)*(Precios!$"&"C:$C=AC$37)),1)*(1-$K$6),""No asegurable""),""No asegurable"")),"""")"),"")
L32: 12 | N32: =N68 | O32: =IF(OR(O68="",O68=0),"",O68*(1-$K$8)) | Q32: =IF(OR(Q68="",Q68=0),"",Q68*(1-$K$8)) | R32: =IF(OR(R68="",R68=0),"",R68*(1-$K$8)) | T32: =IF(OR(T68="",T68=0),"",T68*(1-$K$8)) | U32: =IF(OR(U68="",U68=0),"",U68*(1-$K$8)) | W32: =IFERROR(__xludf.DUMMYFUNCTION("IFERROR(IF($I17="""","""",IF(VLOOKUP(LEFT(W$37,SEARCH(""☃"",SUBSTITUTE(W$37,"" "",""☃"",LEN(W$37)-LEN(SUBSTITUTE(W$37,"" "",""""))))-1),Excepciones!$A:$B,2,0)>=0,IFERROR(INDEX(filter(Precios!$D:$D,(Precios!$A:$A<=$I17)*(Precios!$B:$B>=$I17)*(Precios!$C:$C"&"=W$37)),1)*(1-$K$6),""No asegurable""),""No asegurable"")),"""")"),"") | Y32: =IFERROR(__xludf.DUMMYFUNCTION("IFERROR(IF($I17="""","""",IF(VLOOKUP(LEFT(Y$37,SEARCH(""☃"",SUBSTITUTE(Y$37,"" "",""☃"",LEN(Y$37)-LEN(SUBSTITUTE(Y$37,"" "",""""))))-1),Excepciones!$A:$B,2,0)>=0,IFERROR((INDEX(filter(Precios!$D:$D,(Precios!$A:$A<=$I17)*(Precios!$B:$B>=$I17)*(Precios!$C:$"&"C=Y$37)),1)*(1-$K$6)+VLOOKUP($L32,Precios!$F:$G,2,0)),""No asegurable""),""No asegurable"")),"""")"),"") | Z32: =IFERROR(__xludf.DUMMYFUNCTION("IFERROR(IF($I17="""","""",IF(VLOOKUP(LEFT(Z$37,SEARCH(""☃"",SUBSTITUTE(Z$37,"" "",""☃"",LEN(Z$37)-LEN(SUBSTITUTE(Z$37,"" "",""""))))-1),Excepciones!$A:$B,2,0)>=0,IFERROR(INDEX(filter(Precios!$D:$D,(Precios!$A:$A<=$I17)*(Precios!$B:$B>=$I17)*(Precios!$C:$C"&"=Z$37)),1)*(1-$K$6),""No asegurable""),""No asegurable"")),"""")"),"") | AA32: =IFERROR(__xludf.DUMMYFUNCTION("IFERROR(IF($I17="""","""",IF(VLOOKUP(LEFT(AA$37,SEARCH(""☃"",SUBSTITUTE(AA$37,"" "",""☃"",LEN(AA$37)-LEN(SUBSTITUTE(AA$37,"" "",""""))))-1),Excepciones!$A:$B,2,0)>=0,IFERROR(INDEX(filter(Precios!$D:$D,(Precios!$A:$A<=$I17)*(Precios!$B:$B>=$I17)*(Precios!$"&"C:$C=AA$37)),1)*(1-$K$6),""No asegurable""),""No asegurable"")),"""")"),"") | AB32: =IFERROR(__xludf.DUMMYFUNCTION("IFERROR(IF($I17="""","""",IF(VLOOKUP(LEFT(AB$37,SEARCH(""☃"",SUBSTITUTE(AB$37,"" "",""☃"",LEN(AB$37)-LEN(SUBSTITUTE(AB$37,"" "",""""))))-1),Excepciones!$A:$B,2,0)>=0,IFERROR(INDEX(filter(Precios!$D:$D,(Precios!$A:$A<=$I17)*(Precios!$B:$B>=$I17)*(Precios!$"&"C:$C=AB$37)),1)*(1-$K$6),""No asegurable""),""No asegurable"")),"""")"),"") | AC32: =IFERROR(__xludf.DUMMYFUNCTION("IFERROR(IF($I17="""","""",IF(VLOOKUP(LEFT(AC$37,SEARCH(""☃"",SUBSTITUTE(AC$37,"" "",""☃"",LEN(AC$37)-LEN(SUBSTITUTE(AC$37,"" "",""""))))-1),Excepciones!$A:$B,2,0)>=0,IFERROR(INDEX(filter(Precios!$D:$D,(Precios!$A:$A<=$I17)*(Precios!$B:$B>=$I17)*(Precios!$"&"C:$C=AC$37)),1)*(1-$K$6),""No asegurable""),""No asegurable"")),"""")"),"")
L33: 13 | N33: =N69 | O33: =IF(OR(O69="",O69=0),"",O69*(1-$K$8)) | Q33: =IF(OR(Q69="",Q69=0),"",Q69*(1-$K$8)) | R33: =IF(OR(R69="",R69=0),"",R69*(1-$K$8)) | T33: =IF(OR(T69="",T69=0),"",T69*(1-$K$8)) | U33: =IF(OR(U69="",U69=0),"",U69*(1-$K$8)) | W33: =IFERROR(__xludf.DUMMYFUNCTION("IFERROR(IF($I18="""","""",IF(VLOOKUP(LEFT(W$37,SEARCH(""☃"",SUBSTITUTE(W$37,"" "",""☃"",LEN(W$37)-LEN(SUBSTITUTE(W$37,"" "",""""))))-1),Excepciones!$A:$B,2,0)>=0,IFERROR(INDEX(filter(Precios!$D:$D,(Precios!$A:$A<=$I18)*(Precios!$B:$B>=$I18)*(Precios!$C:$C"&"=W$37)),1)*(1-$K$6),""No asegurable""),""No asegurable"")),"""")"),"") | Y33: =IFERROR(__xludf.DUMMYFUNCTION("IFERROR(IF($I18="""","""",IF(VLOOKUP(LEFT(Y$37,SEARCH(""☃"",SUBSTITUTE(Y$37,"" "",""☃"",LEN(Y$37)-LEN(SUBSTITUTE(Y$37,"" "",""""))))-1),Excepciones!$A:$B,2,0)>=0,IFERROR((INDEX(filter(Precios!$D:$D,(Precios!$A:$A<=$I18)*(Precios!$B:$B>=$I18)*(Precios!$C:$"&"C=Y$37)),1)*(1-$K$6)+VLOOKUP($L33,Precios!$F:$G,2,0)),""No asegurable""),""No asegurable"")),"""")"),"") | Z33: =IFERROR(__xludf.DUMMYFUNCTION("IFERROR(IF($I18="""","""",IF(VLOOKUP(LEFT(Z$37,SEARCH(""☃"",SUBSTITUTE(Z$37,"" "",""☃"",LEN(Z$37)-LEN(SUBSTITUTE(Z$37,"" "",""""))))-1),Excepciones!$A:$B,2,0)>=0,IFERROR(INDEX(filter(Precios!$D:$D,(Precios!$A:$A<=$I18)*(Precios!$B:$B>=$I18)*(Precios!$C:$C"&"=Z$37)),1)*(1-$K$6),""No asegurable""),""No asegurable"")),"""")"),"") | AA33: =IFERROR(__xludf.DUMMYFUNCTION("IFERROR(IF($I18="""","""",IF(VLOOKUP(LEFT(AA$37,SEARCH(""☃"",SUBSTITUTE(AA$37,"" "",""☃"",LEN(AA$37)-LEN(SUBSTITUTE(AA$37,"" "",""""))))-1),Excepciones!$A:$B,2,0)>=0,IFERROR(INDEX(filter(Precios!$D:$D,(Precios!$A:$A<=$I18)*(Precios!$B:$B>=$I18)*(Precios!$"&"C:$C=AA$37)),1)*(1-$K$6),""No asegurable""),""No asegurable"")),"""")"),"") | AB33: =IFERROR(__xludf.DUMMYFUNCTION("IFERROR(IF($I18="""","""",IF(VLOOKUP(LEFT(AB$37,SEARCH(""☃"",SUBSTITUTE(AB$37,"" "",""☃"",LEN(AB$37)-LEN(SUBSTITUTE(AB$37,"" "",""""))))-1),Excepciones!$A:$B,2,0)>=0,IFERROR(INDEX(filter(Precios!$D:$D,(Precios!$A:$A<=$I18)*(Precios!$B:$B>=$I18)*(Precios!$"&"C:$C=AB$37)),1)*(1-$K$6),""No asegurable""),""No asegurable"")),"""")"),"") | AC33: =IFERROR(__xludf.DUMMYFUNCTION("IFERROR(IF($I18="""","""",IF(VLOOKUP(LEFT(AC$37,SEARCH(""☃"",SUBSTITUTE(AC$37,"" "",""☃"",LEN(AC$37)-LEN(SUBSTITUTE(AC$37,"" "",""""))))-1),Excepciones!$A:$B,2,0)>=0,IFERROR(INDEX(filter(Precios!$D:$D,(Precios!$A:$A<=$I18)*(Precios!$B:$B>=$I18)*(Precios!$"&"C:$C=AC$37)),1)*(1-$K$6),""No asegurable""),""No asegurable"")),"""")"),"")
L34: 14 | N34: =N70 | O34: =IF(OR(O70="",O70=0),"",O70*(1-$K$8)) | Q34: =IF(OR(Q70="",Q70=0),"",Q70*(1-$K$8)) | R34: =IF(OR(R70="",R70=0),"",R70*(1-$K$8)) | T34: =IF(OR(T70="",T70=0),"",T70*(1-$K$8)) | U34: =IF(OR(U70="",U70=0),"",U70*(1-$K$8)) | W34: =IFERROR(__xludf.DUMMYFUNCTION("IFERROR(IF($I19="""","""",IF(VLOOKUP(LEFT(W$37,SEARCH(""☃"",SUBSTITUTE(W$37,"" "",""☃"",LEN(W$37)-LEN(SUBSTITUTE(W$37,"" "",""""))))-1),Excepciones!$A:$B,2,0)>=0,IFERROR(INDEX(filter(Precios!$D:$D,(Precios!$A:$A<=$I19)*(Precios!$B:$B>=$I19)*(Precios!$C:$C"&"=W$37)),1)*(1-$K$6),""No asegurable""),""No asegurable"")),"""")"),"") | Y34: =IFERROR(__xludf.DUMMYFUNCTION("IFERROR(IF($I19="""","""",IF(VLOOKUP(LEFT(Y$37,SEARCH(""☃"",SUBSTITUTE(Y$37,"" "",""☃"",LEN(Y$37)-LEN(SUBSTITUTE(Y$37,"" "",""""))))-1),Excepciones!$A:$B,2,0)>=0,IFERROR((INDEX(filter(Precios!$D:$D,(Precios!$A:$A<=$I19)*(Precios!$B:$B>=$I19)*(Precios!$C:$"&"C=Y$37)),1)*(1-$K$6)+VLOOKUP($L34,Precios!$F:$G,2,0)),""No asegurable""),""No asegurable"")),"""")"),"") | Z34: =IFERROR(__xludf.DUMMYFUNCTION("IFERROR(IF($I19="""","""",IF(VLOOKUP(LEFT(Z$37,SEARCH(""☃"",SUBSTITUTE(Z$37,"" "",""☃"",LEN(Z$37)-LEN(SUBSTITUTE(Z$37,"" "",""""))))-1),Excepciones!$A:$B,2,0)>=0,IFERROR(INDEX(filter(Precios!$D:$D,(Precios!$A:$A<=$I19)*(Precios!$B:$B>=$I19)*(Precios!$C:$C"&"=Z$37)),1)*(1-$K$6),""No asegurable""),""No asegurable"")),"""")"),"") | AA34: =IFERROR(__xludf.DUMMYFUNCTION("IFERROR(IF($I19="""","""",IF(VLOOKUP(LEFT(AA$37,SEARCH(""☃"",SUBSTITUTE(AA$37,"" "",""☃"",LEN(AA$37)-LEN(SUBSTITUTE(AA$37,"" "",""""))))-1),Excepciones!$A:$B,2,0)>=0,IFERROR(INDEX(filter(Precios!$D:$D,(Precios!$A:$A<=$I19)*(Precios!$B:$B>=$I19)*(Precios!$"&"C:$C=AA$37)),1)*(1-$K$6),""No asegurable""),""No asegurable"")),"""")"),"") | AB34: =IFERROR(__xludf.DUMMYFUNCTION("IFERROR(IF($I19="""","""",IF(VLOOKUP(LEFT(AB$37,SEARCH(""☃"",SUBSTITUTE(AB$37,"" "",""☃"",LEN(AB$37)-LEN(SUBSTITUTE(AB$37,"" "",""""))))-1),Excepciones!$A:$B,2,0)>=0,IFERROR(INDEX(filter(Precios!$D:$D,(Precios!$A:$A<=$I19)*(Precios!$B:$B>=$I19)*(Precios!$"&"C:$C=AB$37)),1)*(1-$K$6),""No asegurable""),""No asegurable"")),"""")"),"") | AC34: =IFERROR(__xludf.DUMMYFUNCTION("IFERROR(IF($I19="""","""",IF(VLOOKUP(LEFT(AC$37,SEARCH(""☃"",SUBSTITUTE(AC$37,"" "",""☃"",LEN(AC$37)-LEN(SUBSTITUTE(AC$37,"" "",""""))))-1),Excepciones!$A:$B,2,0)>=0,IFERROR(INDEX(filter(Precios!$D:$D,(Precios!$A:$A<=$I19)*(Precios!$B:$B>=$I19)*(Precios!$"&"C:$C=AC$37)),1)*(1-$K$6),""No asegurable""),""No asegurable"")),"""")"),"")
L35: 15 | N35: =N71 | O35: =IF(OR(O71="",O71=0),"",O71*(1-$K$8)) | Q35: =IF(OR(Q71="",Q71=0),"",Q71*(1-$K$8)) | R35: =IF(OR(R71="",R71=0),"",R71*(1-$K$8)) | T35: =IF(OR(T71="",T71=0),"",T71*(1-$K$8)) | U35: =IF(OR(U71="",U71=0),"",U71*(1-$K$8)) | W35: =IFERROR(__xludf.DUMMYFUNCTION("IFERROR(IF($I20="""","""",IF(VLOOKUP(LEFT(W$37,SEARCH(""☃"",SUBSTITUTE(W$37,"" "",""☃"",LEN(W$37)-LEN(SUBSTITUTE(W$37,"" "",""""))))-1),Excepciones!$A:$B,2,0)>=0,IFERROR(INDEX(filter(Precios!$D:$D,(Precios!$A:$A<=$I20)*(Precios!$B:$B>=$I20)*(Precios!$C:$C"&"=W$37)),1)*(1-$K$6),""No asegurable""),""No asegurable"")),"""")"),"") | Y35: =IFERROR(__xludf.DUMMYFUNCTION("IFERROR(IF($I20="""","""",IF(VLOOKUP(LEFT(Y$37,SEARCH(""☃"",SUBSTITUTE(Y$37,"" "",""☃"",LEN(Y$37)-LEN(SUBSTITUTE(Y$37,"" "",""""))))-1),Excepciones!$A:$B,2,0)>=0,IFERROR((INDEX(filter(Precios!$D:$D,(Precios!$A:$A<=$I20)*(Precios!$B:$B>=$I20)*(Precios!$C:$"&"C=Y$37)),1)*(1-$K$6)+VLOOKUP($L35,Precios!$F:$G,2,0)),""No asegurable""),""No asegurable"")),"""")"),"") | Z35: =IFERROR(__xludf.DUMMYFUNCTION("IFERROR(IF($I20="""","""",IF(VLOOKUP(LEFT(Z$37,SEARCH(""☃"",SUBSTITUTE(Z$37,"" "",""☃"",LEN(Z$37)-LEN(SUBSTITUTE(Z$37,"" "",""""))))-1),Excepciones!$A:$B,2,0)>=0,IFERROR(INDEX(filter(Precios!$D:$D,(Precios!$A:$A<=$I20)*(Precios!$B:$B>=$I20)*(Precios!$C:$C"&"=Z$37)),1)*(1-$K$6),""No asegurable""),""No asegurable"")),"""")"),"") | AA35: =IFERROR(__xludf.DUMMYFUNCTION("IFERROR(IF($I20="""","""",IF(VLOOKUP(LEFT(AA$37,SEARCH(""☃"",SUBSTITUTE(AA$37,"" "",""☃"",LEN(AA$37)-LEN(SUBSTITUTE(AA$37,"" "",""""))))-1),Excepciones!$A:$B,2,0)>=0,IFERROR(INDEX(filter(Precios!$D:$D,(Precios!$A:$A<=$I20)*(Precios!$B:$B>=$I20)*(Precios!$"&"C:$C=AA$37)),1)*(1-$K$6),""No asegurable""),""No asegurable"")),"""")"),"") | AB35: =IFERROR(__xludf.DUMMYFUNCTION("IFERROR(IF($I20="""","""",IF(VLOOKUP(LEFT(AB$37,SEARCH(""☃"",SUBSTITUTE(AB$37,"" "",""☃"",LEN(AB$37)-LEN(SUBSTITUTE(AB$37,"" "",""""))))-1),Excepciones!$A:$B,2,0)>=0,IFERROR(INDEX(filter(Precios!$D:$D,(Precios!$A:$A<=$I20)*(Precios!$B:$B>=$I20)*(Precios!$"&"C:$C=AB$37)),1)*(1-$K$6),""No asegurable""),""No asegurable"")),"""")"),"") | AC35: =IFERROR(__xludf.DUMMYFUNCTION("IFERROR(IF($I20="""","""",IF(VLOOKUP(LEFT(AC$37,SEARCH(""☃"",SUBSTITUTE(AC$37,"" "",""☃"",LEN(AC$37)-LEN(SUBSTITUTE(AC$37,"" "",""""))))-1),Excepciones!$A:$B,2,0)>=0,IFERROR(INDEX(filter(Precios!$D:$D,(Precios!$A:$A<=$I20)*(Precios!$B:$B>=$I20)*(Precios!$"&"C:$C=AC$37)),1)*(1-$K$6),""No asegurable""),""No asegurable"")),"""")"),"")
L37: CON DENTAL | N37: ="Go"&" "&$K$3 -> Go 2 | O37: ="Plena Vital"&" "&$K$3 -> Plena Vital 2 | P37: ="Plena Total vital"&" "&$K$3 -> Plena Total vital 2 | Q37: ="Plena"&" "&$K$3 -> Plena 2 | R37: ="Plena Plus"&" "&$K$3 -> Plena Plus 2 | S37: ="Plena Total"&" "&$K$3 -> Plena Total 2 | T37: ="Plena Extra 150"&" "&$K$3 -> Plena Extra 150 2 | U37: ="Seniors"&" "&$K$3 -> Seniors 2 | V37: ="Seniors total"&" "&$K$3 -> Seniors total 2 | W37: ="Negocios NIF"&" "&$K$3 -> Negocios NIF 2 | X37: ="Pymes TOTAL"&" "&$K$3 -> Pymes TOTAL 2 | Y37: =IF(OR(COUNT(I6:I13)=1,COUNT(I6:I13)=2),"Extra Negocios NIF"&" "&$K$3&" "&COUNT(I6:I13),"Extra Negocios NIF"&" "&$K$3) -> Extra Negocios NIF 2 | Z37: ="Negocios CIF"&" "&$K$3 -> Negocios CIF 2 | AA37: ="Extra Negocios CIF"&" "&$K$3 -> Extra Negocios CIF 2 | AB37: ="Empresas"&" "&$K$3 -> Empresas 2 | AC37: ="Extra Empresas"&" "&$K$3 -> Extra Empresas 2
L39: 1 | N39: =N75 -> 23.8125 | O39: =IF(OR(O75="",O75=0),"",O75*(1-$K$8)) -> 49.9125 | P39: =IF(OR(P75="",P75=0),"",P75*(1-$K$8)) -> 54.9 | Q39: =IF(OR(Q75="",Q75=0),"",Q75*(1-$K$8)) -> 60.2625 | R39: =IF(OR(R75="",R75=0),"",R75*(1-$K$8)) -> 71.9625 | S39: =IF(OR(S75="",S75=0),"",S75*(1-$K$8)) -> 92.7 | T39: =IF(OR(T75="",T75=0),"",T75*(1-$K$8)) -> 114.4625 | U39: =IF(OR(U75="",U75=0),"",U75*(1-$K$8)) | V39: =IF(OR(V75="",V75=0),"",V75*(1-$K$8)) | W39: =IFERROR(__xludf.DUMMYFUNCTION("IFERROR(IF($I6="""","""",IF(VLOOKUP(LEFT(W$37,SEARCH(""☃"",SUBSTITUTE(W$37,"" "",""☃"",LEN(W$37)-LEN(SUBSTITUTE(W$37,"" "",""""))))-1),Excepciones!$A:$B,2,0)>=0,IFERROR((INDEX(filter(Precios!$D:$D,(Precios!$A:$A<=$I6)*(Precios!$B:$B>=$I6)*(Precios!$C:$C=W"&"$37)),1)*(1-$K$6)+VLOOKUP(COUNT($I$6:$I$13),Precios!$F:$G,2,0)),""No asegurable""),""No asegurable"")),"""")"),67.9625) -> 67.9625 | X39: =IF(OR($K$10="Sí",X75=""),"",IF($K$8>0,X75*(1-($K$8)*2),X75)) -> 62 | Y39: =IFERROR(__xludf.DUMMYFUNCTION("IFERROR(IF($I6="""","""",IF(VLOOKUP(LEFT(Y$37,SEARCH(""☃"",SUBSTITUTE(Y$37,"" "",""☃"",LEN(Y$37)-LEN(SUBSTITUTE(Y$37,"" "",""""))))-1),Excepciones!$A:$B,2,0)>=0,IFERROR(INDEX(filter(Precios!$D:$D,(Precios!$A:$A<=$I6)*(Precios!$B:$B>=$I6)*(Precios!$C:$C=Y$"&"37)),1)*(1-$K$6),""No asegurable""),""No asegurable"")),"""")"),"")
L40: 2 | N40: =N76 -> 23.8125 | O40: =IF(OR(O76="",O76=0),"",O76*(1-$K$8)) -> 49.9125 | P40: =IF(OR(P76="",P76=0),"",P76*(1-$K$8)) -> 54.9 | Q40: =IF(OR(Q76="",Q76=0),"",Q76*(1-$K$8)) -> 60.2625 | R40: =IF(OR(R76="",R76=0),"",R76*(1-$K$8)) -> 71.9625 | S40: =IF(OR(S76="",S76=0),"",S76*(1-$K$8)) -> 92.7 | T40: =IF(OR(T76="",T76=0),"",T76*(1-$K$8)) -> 114.4625 | U40: =IF(OR(U76="",U76=0),"",U76*(1-$K$8)) | V40: =IF(OR(V76="",V76=0),"",V76*(1-$K$8)) | W40: =IFERROR(__xludf.DUMMYFUNCTION("IFERROR(IF($I7="""","""",IF(VLOOKUP(LEFT(W$37,SEARCH(""☃"",SUBSTITUTE(W$37,"" "",""☃"",LEN(W$37)-LEN(SUBSTITUTE(W$37,"" "",""""))))-1),Excepciones!$A:$B,2,0)>=0,IFERROR((INDEX(filter(Precios!$D:$D,(Precios!$A:$A<=$I7)*(Precios!$B:$B>=$I7)*(Precios!$C:$C=W"&"$37)),1)*(1-$K$6)+VLOOKUP(COUNT($I$6:$I$13),Precios!$F:$G,2,0)),""No asegurable""),""No asegurable"")),"""")"),67.9625) -> 67.9625 | X40: =IF(OR($K$10="Sí",X76=""),"",IF($K$8>0,X76*(1-($K$8)*2),X76)) -> 62 | Y40: =IFERROR(__xludf.DUMMYFUNCTION("IFERROR(IF($I7="""","""",IF(VLOOKUP(LEFT(Y$37,SEARCH(""☃"",SUBSTITUTE(Y$37,"" "",""☃"",LEN(Y$37)-LEN(SUBSTITUTE(Y$37,"" "",""""))))-1),Excepciones!$A:$B,2,0)>=0,IFERROR(INDEX(filter(Precios!$D:$D,(Precios!$A:$A<=$I7)*(Precios!$B:$B>=$I7)*(Precios!$C:$C=Y$"&"37)),1)*(1-$K$6),""No asegurable""),""No asegurable"")),"""")"),"")
L41: 3 | N41: =N77 -> 39.5625 | O41: =IF(OR(O77="",O77=0),"",O77*(1-$K$8)) -> 89.9625 | P41: =IF(OR(P77="",P77=0),"",P77*(1-$K$8)) -> 100.8 | Q41: =IF(OR(Q77="",Q77=0),"",Q77*(1-$K$8)) -> 100.7625 | R41: =IF(OR(R77="",R77=0),"",R77*(1-$K$8)) -> 143.9625 | S41: =IF(OR(S77="",S77=0),"",S77*(1-$K$8)) -> 158.4 | T41: =IF(OR(T77="",T77=0),"",T77*(1-$K$8)) -> 184.4625 | U41: =IF(OR(U77="",U77=0),"",U77*(1-$K$8)) | V41: =IF(OR(V77="",V77=0),"",V77*(1-$K$8)) | W41: =IFERROR(__xludf.DUMMYFUNCTION("IFERROR(IF($I8="""","""",IF(VLOOKUP(LEFT(W$37,SEARCH(""☃"",SUBSTITUTE(W$37,"" "",""☃"",LEN(W$37)-LEN(SUBSTITUTE(W$37,"" "",""""))))-1),Excepciones!$A:$B,2,0)>=0,IFERROR((INDEX(filter(Precios!$D:$D,(Precios!$A:$A<=$I8)*(Precios!$B:$B>=$I8)*(Precios!$C:$C=W"&"$37)),1)*(1-$K$6)+VLOOKUP(COUNT($I$6:$I$13),Precios!$F:$G,2,0)),""No asegurable""),""No asegurable"")),"""")"),131.4625) -> 131.4625 | X41: =IF(OR($K$10="Sí",X77=""),"",IF($K$8>0,X77*(1-($K$8)*2),X77)) -> 95 | Y41: =IFERROR(__xludf.DUMMYFUNCTION("IFERROR(IF($I8="""","""",IF(VLOOKUP(LEFT(Y$37,SEARCH(""☃"",SUBSTITUTE(Y$37,"" "",""☃"",LEN(Y$37)-LEN(SUBSTITUTE(Y$37,"" "",""""))))-1),Excepciones!$A:$B,2,0)>=0,IFERROR(INDEX(filter(Precios!$D:$D,(Precios!$A:$A<=$I8)*(Precios!$B:$B>=$I8)*(Precios!$C:$C=Y$"&"37)),1)*(1-$K$6),""No asegurable""),""No asegurable"")),"""")"),"")
L42: 4 | N42: =N78 -> 39.5625 | O42: =IF(OR(O78="",O78=0),"",O78*(1-$K$8)) -> 151.1625 | P42: =IF(OR(P78="",P78=0),"",P78*(1-$K$8)) -> 180.9 | Q42: =IF(OR(Q78="",Q78=0),"",Q78*(1-$K$8)) -> 154.7625 | R42: =IF(OR(R78="",R78=0),"",R78*(1-$K$8)) -> 233.9625 | S42: =IF(OR(S78="",S78=0),"",S78*(1-$K$8)) -> 255.6 | T42: =IF(OR(T78="",T78=0),"",T78*(1-$K$8)) -> 305.4625 | U42: =IF(OR(U78="",U78=0),"",U78*(1-$K$8)) | V42: =IF(OR(V78="",V78=0),"",V78*(1-$K$8)) | W42: =IFERROR(__xludf.DUMMYFUNCTION("IFERROR(IF($I9="""","""",IF(VLOOKUP(LEFT(W$37,SEARCH(""☃"",SUBSTITUTE(W$37,"" "",""☃"",LEN(W$37)-LEN(SUBSTITUTE(W$37,"" "",""""))))-1),Excepciones!$A:$B,2,0)>=0,IFERROR((INDEX(filter(Precios!$D:$D,(Precios!$A:$A<=$I9)*(Precios!$B:$B>=$I9)*(Precios!$C:$C=W"&"$37)),1)*(1-$K$6)+VLOOKUP(COUNT($I$6:$I$13),Precios!$F:$G,2,0)),""No asegurable""),""No asegurable"")),"""")"),242.4625) -> 242.4625 | X42: =IF(OR($K$10="Sí",X78=""),"",IF($K$8>0,X78*(1-($K$8)*2),X78)) -> 129 | Y42: =IFERROR(__xludf.DUMMYFUNCTION("IFERROR(IF($I9="""","""",IF(VLOOKUP(LEFT(Y$37,SEARCH(""☃"",SUBSTITUTE(Y$37,"" "",""☃"",LEN(Y$37)-LEN(SUBSTITUTE(Y$37,"" "",""""))))-1),Excepciones!$A:$B,2,0)>=0,IFERROR(INDEX(filter(Precios!$D:$D,(Precios!$A:$A<=$I9)*(Precios!$B:$B>=$I9)*(Precios!$C:$C=Y$"&"37)),1)*(1-$K$6),""No asegurable""),""No asegurable"")),"""")"),"")
L43: 5 | N43: =N79 | O43: =IF(OR(O79="",O79=0),"",O79*(1-$K$8)) | P43: =IF(OR(P79="",P79=0),"",P79*(1-$K$8)) | Q43: =IF(OR(Q79="",Q79=0),"",Q79*(1-$K$8)) | R43: =IF(OR(R79="",R79=0),"",R79*(1-$K$8)) | S43: =IF(OR(S79="",S79=0),"",S79*(1-$K$8)) | T43: =IF(OR(T79="",T79=0),"",T79*(1-$K$8)) | U43: =IF(OR(U79="",U79=0),"",U79*(1-$K$8)) | V43: =IF(OR(V79="",V79=0),"",V79*(1-$K$8)) | W43: =IFERROR(__xludf.DUMMYFUNCTION("IFERROR(IF($I10="""","""",IF(VLOOKUP(LEFT(W$37,SEARCH(""☃"",SUBSTITUTE(W$37,"" "",""☃"",LEN(W$37)-LEN(SUBSTITUTE(W$37,"" "",""""))))-1),Excepciones!$A:$B,2,0)>=0,IFERROR((INDEX(filter(Precios!$D:$D,(Precios!$A:$A<=$I10)*(Precios!$B:$B>=$I10)*(Precios!$C:$"&"C=W$37)),1)*(1-$K$6)+VLOOKUP(COUNT($I$6:$I$13),Precios!$F:$G,2,0)),""No asegurable""),""No asegurable"")),"""")"),"") | X43: =IF(OR($K$10="Sí",X79=""),"",IF($K$8>0,X79*(1-($K$8)*2),X79)) | Y43: =IFERROR(__xludf.DUMMYFUNCTION("IFERROR(IF($I10="""","""",IF(VLOOKUP(LEFT(Y$37,SEARCH(""☃"",SUBSTITUTE(Y$37,"" "",""☃"",LEN(Y$37)-LEN(SUBSTITUTE(Y$37,"" "",""""))))-1),Excepciones!$A:$B,2,0)>=0,IFERROR(INDEX(filter(Precios!$D:$D,(Precios!$A:$A<=$I10)*(Precios!$B:$B>=$I10)*(Precios!$C:$C"&"=Y$37)),1)*(1-$K$6),""No asegurable""),""No asegurable"")),"""")"),"")
L44: 6 | N44: =N80 | O44: =IF(OR(O80="",O80=0),"",O80*(1-$K$8)) | P44: =IF(OR(P80="",P80=0),"",P80*(1-$K$8)) | Q44: =IF(OR(Q80="",Q80=0),"",Q80*(1-$K$8)) | R44: =IF(OR(R80="",R80=0),"",R80*(1-$K$8)) | S44: =IF(OR(S80="",S80=0),"",S80*(1-$K$8)) | T44: =IF(OR(T80="",T80=0),"",T80*(1-$K$8)) | U44: =IF(OR(U80="",U80=0),"",U80*(1-$K$8)) | V44: =IF(OR(V80="",V80=0),"",V80*(1-$K$8)) | W44: =IFERROR(__xludf.DUMMYFUNCTION("IFERROR(IF($I11="""","""",IF(VLOOKUP(LEFT(W$37,SEARCH(""☃"",SUBSTITUTE(W$37,"" "",""☃"",LEN(W$37)-LEN(SUBSTITUTE(W$37,"" "",""""))))-1),Excepciones!$A:$B,2,0)>=0,IFERROR((INDEX(filter(Precios!$D:$D,(Precios!$A:$A<=$I11)*(Precios!$B:$B>=$I11)*(Precios!$C:$"&"C=W$37)),1)*(1-$K$6)+VLOOKUP(COUNT($I$6:$I$13),Precios!$F:$G,2,0)),""No asegurable""),""No asegurable"")),"""")"),"") | X44: =IF(OR($K$10="Sí",X80=""),"",IF($K$8>0,X80*(1-($K$8)*2),X80)) | Y44: =IFERROR(__xludf.DUMMYFUNCTION("IFERROR(IF($I11="""","""",IF(VLOOKUP(LEFT(Y$37,SEARCH(""☃"",SUBSTITUTE(Y$37,"" "",""☃"",LEN(Y$37)-LEN(SUBSTITUTE(Y$37,"" "",""""))))-1),Excepciones!$A:$B,2,0)>=0,IFERROR(INDEX(filter(Precios!$D:$D,(Precios!$A:$A<=$I11)*(Precios!$B:$B>=$I11)*(Precios!$C:$C"&"=Y$37)),1)*(1-$K$6),""No asegurable""),""No asegurable"")),"""")"),"")
L45: 7 | N45: =N81 | O45: =IF(OR(O81="",O81=0),"",O81*(1-$K$8)) | P45: =IF(OR(P81="",P81=0),"",P81*(1-$K$8)) | Q45: =IF(OR(Q81="",Q81=0),"",Q81*(1-$K$8)) | R45: =IF(OR(R81="",R81=0),"",R81*(1-$K$8)) | S45: =IF(OR(S81="",S81=0),"",S81*(1-$K$8)) | T45: =IF(OR(T81="",T81=0),"",T81*(1-$K$8)) | U45: =IF(OR(U81="",U81=0),"",U81*(1-$K$8)) | V45: =IF(OR(V81="",V81=0),"",V81*(1-$K$8)) | W45: =IFERROR(__xludf.DUMMYFUNCTION("IFERROR(IF($I12="""","""",IF(VLOOKUP(LEFT(W$37,SEARCH(""☃"",SUBSTITUTE(W$37,"" "",""☃"",LEN(W$37)-LEN(SUBSTITUTE(W$37,"" "",""""))))-1),Excepciones!$A:$B,2,0)>=0,IFERROR((INDEX(filter(Precios!$D:$D,(Precios!$A:$A<=$I12)*(Precios!$B:$B>=$I12)*(Precios!$C:$"&"C=W$37)),1)*(1-$K$6)+VLOOKUP(COUNT($I$6:$I$13),Precios!$F:$G,2,0)),""No asegurable""),""No asegurable"")),"""")"),"") | X45: =IF(OR($K$10="Sí",X81=""),"",IF($K$8>0,X81*(1-($K$8)*2),X81)) | Y45: =IFERROR(__xludf.DUMMYFUNCTION("IFERROR(IF($I12="""","""",IF(VLOOKUP(LEFT(Y$37,SEARCH(""☃"",SUBSTITUTE(Y$37,"" "",""☃"",LEN(Y$37)-LEN(SUBSTITUTE(Y$37,"" "",""""))))-1),Excepciones!$A:$B,2,0)>=0,IFERROR(INDEX(filter(Precios!$D:$D,(Precios!$A:$A<=$I12)*(Precios!$B:$B>=$I12)*(Precios!$C:$C"&"=Y$37)),1)*(1-$K$6),""No asegurable""),""No asegurable"")),"""")"),"")
L46: 8 | N46: =N82 | O46: =IF(OR(O82="",O82=0),"",O82*(1-$K$8)) | P46: =IF(OR(P82="",P82=0),"",P82*(1-$K$8)) | Q46: =IF(OR(Q82="",Q82=0),"",Q82*(1-$K$8)) | R46: =IF(OR(R82="",R82=0),"",R82*(1-$K$8)) | S46: =IF(OR(S82="",S82=0),"",S82*(1-$K$8)) | T46: =IF(OR(T82="",T82=0),"",T82*(1-$K$8)) | U46: =IF(OR(U82="",U82=0),"",U82*(1-$K$8)) | V46: =IF(OR(V82="",V82=0),"",V82*(1-$K$8)) | W46: =IFERROR(__xludf.DUMMYFUNCTION("IFERROR(IF($I13="""","""",IF(VLOOKUP(LEFT(W$37,SEARCH(""☃"",SUBSTITUTE(W$37,"" "",""☃"",LEN(W$37)-LEN(SUBSTITUTE(W$37,"" "",""""))))-1),Excepciones!$A:$B,2,0)>=0,IFERROR((INDEX(filter(Precios!$D:$D,(Precios!$A:$A<=$I13)*(Precios!$B:$B>=$I13)*(Precios!$C:$"&"C=W$37)),1)*(1-$K$6)+VLOOKUP(COUNT($I$6:$I$13),Precios!$F:$G,2,0)),""No asegurable""),""No asegurable"")),"""")"),"") | X46: =IF(OR($K$10="Sí",X82=""),"",IF($K$8>0,X82*(1-($K$8)*2),X82)) | Y46: =IFERROR(__xludf.DUMMYFUNCTION("IFERROR(IF($I13="""","""",IF(VLOOKUP(LEFT(Y$37,SEARCH(""☃"",SUBSTITUTE(Y$37,"" "",""☃"",LEN(Y$37)-LEN(SUBSTITUTE(Y$37,"" "",""""))))-1),Excepciones!$A:$B,2,0)>=0,IFERROR(INDEX(filter(Precios!$D:$D,(Precios!$A:$A<=$I13)*(Precios!$B:$B>=$I13)*(Precios!$C:$C"&"=Y$37)),1)*(1-$K$6),""No asegurable""),""No asegurable"")),"""")"),"")
L47: 9 | N47: =N83 | O47: =IF(OR(O83="",O83=0),"",O83*(1-$K$8)) | P47: =IF(OR(P83="",P83=0),"",P83*(1-$K$8)) | Q47: =IF(OR(Q83="",Q83=0),"",Q83*(1-$K$8)) | R47: =IF(OR(R83="",R83=0),"",R83*(1-$K$8)) | S47: =IF(OR(S83="",S83=0),"",S83*(1-$K$8)) | T47: =IF(OR(T83="",T83=0),"",T83*(1-$K$8)) | U47: =IF(OR(U83="",U83=0),"",U83*(1-$K$8)) | V47: =IF(OR(V83="",V83=0),"",V83*(1-$K$8)) | W47: =IFERROR(__xludf.DUMMYFUNCTION("IFERROR(IF($I14="""","""",IF(VLOOKUP(LEFT(W$37,SEARCH(""☃"",SUBSTITUTE(W$37,"" "",""☃"",LEN(W$37)-LEN(SUBSTITUTE(W$37,"" "",""""))))-1),Excepciones!$A:$B,2,0)>=0,IFERROR((INDEX(filter(Precios!$D:$D,(Precios!$A:$A<=$I14)*(Precios!$B:$B>=$I14)*(Precios!$C:$"&"C=W$37)),1)*(1-$K$6)+VLOOKUP(COUNT($I$6:$I$13),Precios!$F:$G,2,0)),""No asegurable""),""No asegurable"")),"""")"),"") | X47: =IF(OR($K$10="Sí",X83=""),"",IF($K$8>0,X83*(1-($K$8)*2),X83)) | Y47: =IFERROR(__xludf.DUMMYFUNCTION("IFERROR(IF($I14="""","""",IF(VLOOKUP(LEFT(Y$37,SEARCH(""☃"",SUBSTITUTE(Y$37,"" "",""☃"",LEN(Y$37)-LEN(SUBSTITUTE(Y$37,"" "",""""))))-1),Excepciones!$A:$B,2,0)>=0,IFERROR(INDEX(filter(Precios!$D:$D,(Precios!$A:$A<=$I14)*(Precios!$B:$B>=$I14)*(Precios!$C:$C"&"=Y$37)),1)*(1-$K$6),""No asegurable""),""No asegurable"")),"""")"),"")
L48: 10 | N48: =N84 | O48: =IF(OR(O84="",O84=0),"",O84*(1-$K$8)) | P48: =IF(OR(P84="",P84=0),"",P84*(1-$K$8)) | Q48: =IF(OR(Q84="",Q84=0),"",Q84*(1-$K$8)) | R48: =IF(OR(R84="",R84=0),"",R84*(1-$K$8)) | S48: =IF(OR(S84="",S84=0),"",S84*(1-$K$8)) | T48: =IF(OR(T84="",T84=0),"",T84*(1-$K$8)) | U48: =IF(OR(U84="",U84=0),"",U84*(1-$K$8)) | V48: =IF(OR(V84="",V84=0),"",V84*(1-$K$8)) | W48: =IFERROR(__xludf.DUMMYFUNCTION("IFERROR(IF($I15="""","""",IF(VLOOKUP(LEFT(W$37,SEARCH(""☃"",SUBSTITUTE(W$37,"" "",""☃"",LEN(W$37)-LEN(SUBSTITUTE(W$37,"" "",""""))))-1),Excepciones!$A:$B,2,0)>=0,IFERROR((INDEX(filter(Precios!$D:$D,(Precios!$A:$A<=$I15)*(Precios!$B:$B>=$I15)*(Precios!$C:$"&"C=W$37)),1)*(1-$K$6)+VLOOKUP(COUNT($I$6:$I$13),Precios!$F:$G,2,0)),""No asegurable""),""No asegurable"")),"""")"),"") | X48: =IF(OR($K$10="Sí",X84=""),"",IF($K$8>0,X84*(1-($K$8)*2),X84)) | Y48: =IFERROR(__xludf.DUMMYFUNCTION("IFERROR(IF($I15="""","""",IF(VLOOKUP(LEFT(Y$37,SEARCH(""☃"",SUBSTITUTE(Y$37,"" "",""☃"",LEN(Y$37)-LEN(SUBSTITUTE(Y$37,"" "",""""))))-1),Excepciones!$A:$B,2,0)>=0,IFERROR(INDEX(filter(Precios!$D:$D,(Precios!$A:$A<=$I15)*(Precios!$B:$B>=$I15)*(Precios!$C:$C"&"=Y$37)),1)*(1-$K$6),""No asegurable""),""No asegurable"")),"""")"),"")
L49: 11 | N49: =N85 | O49: =IF(OR(O85="",O85=0),"",O85*(1-$K$8)) | P49: =IF(OR(P85="",P85=0),"",P85*(1-$K$8)) | Q49: =IF(OR(Q85="",Q85=0),"",Q85*(1-$K$8)) | R49: =IF(OR(R85="",R85=0),"",R85*(1-$K$8)) | S49: =IF(OR(S85="",S85=0),"",S85*(1-$K$8)) | T49: =IF(OR(T85="",T85=0),"",T85*(1-$K$8)) | U49: =IF(OR(U85="",U85=0),"",U85*(1-$K$8)) | V49: =IF(OR(V85="",V85=0),"",V85*(1-$K$8)) | W49: =IFERROR(__xludf.DUMMYFUNCTION("IFERROR(IF($I16="""","""",IF(VLOOKUP(LEFT(W$37,SEARCH(""☃"",SUBSTITUTE(W$37,"" "",""☃"",LEN(W$37)-LEN(SUBSTITUTE(W$37,"" "",""""))))-1),Excepciones!$A:$B,2,0)>=0,IFERROR((INDEX(filter(Precios!$D:$D,(Precios!$A:$A<=$I16)*(Precios!$B:$B>=$I16)*(Precios!$C:$"&"C=W$37)),1)*(1-$K$6)+VLOOKUP(COUNT($I$6:$I$13),Precios!$F:$G,2,0)),""No asegurable""),""No asegurable"")),"""")"),"") | X49: =IF(OR($K$10="Sí",X85=""),"",IF($K$8>0,X85*(1-($K$8)*2),X85)) | Y49: =IFERROR(__xludf.DUMMYFUNCTION("IFERROR(IF($I16="""","""",IF(VLOOKUP(LEFT(Y$37,SEARCH(""☃"",SUBSTITUTE(Y$37,"" "",""☃"",LEN(Y$37)-LEN(SUBSTITUTE(Y$37,"" "",""""))))-1),Excepciones!$A:$B,2,0)>=0,IFERROR(INDEX(filter(Precios!$D:$D,(Precios!$A:$A<=$I16)*(Precios!$B:$B>=$I16)*(Precios!$C:$C"&"=Y$37)),1)*(1-$K$6),""No asegurable""),""No asegurable"")),"""")"),"")
L50: 12 | N50: =N86 | O50: =IF(OR(O86="",O86=0),"",O86*(1-$K$8)) | P50: =IF(OR(P86="",P86=0),"",P86*(1-$K$8)) | Q50: =IF(OR(Q86="",Q86=0),"",Q86*(1-$K$8)) | R50: =IF(OR(R86="",R86=0),"",R86*(1-$K$8)) | S50: =IF(OR(S86="",S86=0),"",S86*(1-$K$8)) | T50: =IF(OR(T86="",T86=0),"",T86*(1-$K$8)) | U50: =IF(OR(U86="",U86=0),"",U86*(1-$K$8)) | V50: =IF(OR(V86="",V86=0),"",V86*(1-$K$8)) | W50: =IFERROR(__xludf.DUMMYFUNCTION("IFERROR(IF($I17="""","""",IF(VLOOKUP(LEFT(W$37,SEARCH(""☃"",SUBSTITUTE(W$37,"" "",""☃"",LEN(W$37)-LEN(SUBSTITUTE(W$37,"" "",""""))))-1),Excepciones!$A:$B,2,0)>=0,IFERROR((INDEX(filter(Precios!$D:$D,(Precios!$A:$A<=$I17)*(Precios!$B:$B>=$I17)*(Precios!$C:$"&"C=W$37)),1)*(1-$K$6)+VLOOKUP(COUNT($I$6:$I$13),Precios!$F:$G,2,0)),""No asegurable""),""No asegurable"")),"""")"),"") | X50: =IF(OR($K$10="Sí",X86=""),"",IF($K$8>0,X86*(1-($K$8)*2),X86)) | Y50: =IFERROR(__xludf.DUMMYFUNCTION("IFERROR(IF($I17="""","""",IF(VLOOKUP(LEFT(Y$37,SEARCH(""☃"",SUBSTITUTE(Y$37,"" "",""☃"",LEN(Y$37)-LEN(SUBSTITUTE(Y$37,"" "",""""))))-1),Excepciones!$A:$B,2,0)>=0,IFERROR(INDEX(filter(Precios!$D:$D,(Precios!$A:$A<=$I17)*(Precios!$B:$B>=$I17)*(Precios!$C:$C"&"=Y$37)),1)*(1-$K$6),""No asegurable""),""No asegurable"")),"""")"),"")
L51: 13 | N51: =N87 | O51: =IF(OR(O87="",O87=0),"",O87*(1-$K$8)) | P51: =IF(OR(P87="",P87=0),"",P87*(1-$K$8)) | Q51: =IF(OR(Q87="",Q87=0),"",Q87*(1-$K$8)) | R51: =IF(OR(R87="",R87=0),"",R87*(1-$K$8)) | S51: =IF(OR(S87="",S87=0),"",S87*(1-$K$8)) | T51: =IF(OR(T87="",T87=0),"",T87*(1-$K$8)) | U51: =IF(OR(U87="",U87=0),"",U87*(1-$K$8)) | V51: =IF(OR(V87="",V87=0),"",V87*(1-$K$8)) | W51: =IFERROR(__xludf.DUMMYFUNCTION("IFERROR(IF($I18="""","""",IF(VLOOKUP(LEFT(W$37,SEARCH(""☃"",SUBSTITUTE(W$37,"" "",""☃"",LEN(W$37)-LEN(SUBSTITUTE(W$37,"" "",""""))))-1),Excepciones!$A:$B,2,0)>=0,IFERROR((INDEX(filter(Precios!$D:$D,(Precios!$A:$A<=$I18)*(Precios!$B:$B>=$I18)*(Precios!$C:$"&"C=W$37)),1)*(1-$K$6)+VLOOKUP(COUNT($I$6:$I$13),Precios!$F:$G,2,0)),""No asegurable""),""No asegurable"")),"""")"),"") | X51: =IF(OR($K$10="Sí",X87=""),"",IF($K$8>0,X87*(1-($K$8)*2),X87)) | Y51: =IFERROR(__xludf.DUMMYFUNCTION("IFERROR(IF($I18="""","""",IF(VLOOKUP(LEFT(Y$37,SEARCH(""☃"",SUBSTITUTE(Y$37,"" "",""☃"",LEN(Y$37)-LEN(SUBSTITUTE(Y$37,"" "",""""))))-1),Excepciones!$A:$B,2,0)>=0,IFERROR(INDEX(filter(Precios!$D:$D,(Precios!$A:$A<=$I18)*(Precios!$B:$B>=$I18)*(Precios!$C:$C"&"=Y$37)),1)*(1-$K$6),""No asegurable""),""No asegurable"")),"""")"),"")
L52: 14 | N52: =N88 | O52: =IF(OR(O88="",O88=0),"",O88*(1-$K$8)) | P52: =IF(OR(P88="",P88=0),"",P88*(1-$K$8)) | Q52: =IF(OR(Q88="",Q88=0),"",Q88*(1-$K$8)) | R52: =IF(OR(R88="",R88=0),"",R88*(1-$K$8)) | S52: =IF(OR(S88="",S88=0),"",S88*(1-$K$8)) | T52: =IF(OR(T88="",T88=0),"",T88*(1-$K$8)) | U52: =IF(OR(U88="",U88=0),"",U88*(1-$K$8)) | V52: =IF(OR(V88="",V88=0),"",V88*(1-$K$8)) | W52: =IFERROR(__xludf.DUMMYFUNCTION("IFERROR(IF($I19="""","""",IF(VLOOKUP(LEFT(W$37,SEARCH(""☃"",SUBSTITUTE(W$37,"" "",""☃"",LEN(W$37)-LEN(SUBSTITUTE(W$37,"" "",""""))))-1),Excepciones!$A:$B,2,0)>=0,IFERROR((INDEX(filter(Precios!$D:$D,(Precios!$A:$A<=$I19)*(Precios!$B:$B>=$I19)*(Precios!$C:$"&"C=W$37)),1)*(1-$K$6)+VLOOKUP(COUNT($I$6:$I$13),Precios!$F:$G,2,0)),""No asegurable""),""No asegurable"")),"""")"),"") | X52: =IF(OR($K$10="Sí",X88=""),"",IF($K$8>0,X88*(1-($K$8)*2),X88)) | Y52: =IFERROR(__xludf.DUMMYFUNCTION("IFERROR(IF($I19="""","""",IF(VLOOKUP(LEFT(Y$37,SEARCH(""☃"",SUBSTITUTE(Y$37,"" "",""☃"",LEN(Y$37)-LEN(SUBSTITUTE(Y$37,"" "",""""))))-1),Excepciones!$A:$B,2,0)>=0,IFERROR(INDEX(filter(Precios!$D:$D,(Precios!$A:$A<=$I19)*(Precios!$B:$B>=$I19)*(Precios!$C:$C"&"=Y$37)),1)*(1-$K$6),""No asegurable""),""No asegurable"")),"""")"),"")
L53: 15 | N53: =N89 | O53: =IF(OR(O89="",O89=0),"",O89*(1-$K$8)) | P53: =IF(OR(P89="",P89=0),"",P89*(1-$K$8)) | Q53: =IF(OR(Q89="",Q89=0),"",Q89*(1-$K$8)) | R53: =IF(OR(R89="",R89=0),"",R89*(1-$K$8)) | S53: =IF(OR(S89="",S89=0),"",S89*(1-$K$8)) | T53: =IF(OR(T89="",T89=0),"",T89*(1-$K$8)) | U53: =IF(OR(U89="",U89=0),"",U89*(1-$K$8)) | V53: =IF(OR(V89="",V89=0),"",V89*(1-$K$8)) | W53: =IFERROR(__xludf.DUMMYFUNCTION("IFERROR(IF($I20="""","""",IF(VLOOKUP(LEFT(W$37,SEARCH(""☃"",SUBSTITUTE(W$37,"" "",""☃"",LEN(W$37)-LEN(SUBSTITUTE(W$37,"" "",""""))))-1),Excepciones!$A:$B,2,0)>=0,IFERROR((INDEX(filter(Precios!$D:$D,(Precios!$A:$A<=$I20)*(Precios!$B:$B>=$I20)*(Precios!$C:$"&"C=W$37)),1)*(1-$K$6)+VLOOKUP(COUNT($I$6:$I$13),Precios!$F:$G,2,0)),""No asegurable""),""No asegurable"")),"""")"),"") | X53: =IF(OR($K$10="Sí",X89=""),"",IF($K$8>0,X89*(1-($K$8)*2),X89)) | Y53: =IFERROR(__xludf.DUMMYFUNCTION("IFERROR(IF($I20="""","""",IF(VLOOKUP(LEFT(Y$37,SEARCH(""☃"",SUBSTITUTE(Y$37,"" "",""☃"",LEN(Y$37)-LEN(SUBSTITUTE(Y$37,"" "",""""))))-1),Excepciones!$A:$B,2,0)>=0,IFERROR(INDEX(filter(Precios!$D:$D,(Precios!$A:$A<=$I20)*(Precios!$B:$B>=$I20)*(Precios!$C:$C"&"=Y$37)),1)*(1-$K$6),""No asegurable""),""No asegurable"")),"""")"),"")
L55: SIN DTO SIN DENTAL | N55: ="Go"&" "&$K$3 -> Go 2 | O55: ="Plena Vital"&" "&$K$3 -> Plena Vital 2 | P55: ="Plena Total vital"&" "&$K$3 -> Plena Total vital 2 | Q55: ="Plena"&" "&$K$3 -> Plena 2 | R55: ="Plena Plus"&" "&$K$3 -> Plena Plus 2 | S55: ="Plena Total"&" "&$K$3 -> Plena Total 2 | T55: ="Plena Extra 150"&" "&$K$3 -> Plena Extra 150 2 | U55: ="Seniors"&" "&$K$3 -> Seniors 2 | V55: ="Seniors total"&" "&$K$3 -> Seniors total 2 | W55: ="Negocios NIF"&" "&$K$3 -> Negocios NIF 2 | X55: ="Pymes TOTAL"&" "&$K$3 -> Pymes TOTAL 2 | Y55: =IF(OR(COUNT(I36:I42)=1,COUNT(I36:I42)=2),"Extra Negocios NIF"&" "&$K$3&" "&COUNT(I36:I42),"Extra Negocios NIF"&" "&$K$3) -> Extra Negocios NIF 2 | Z55: ="Negocios CIF"&" "&$K$3 -> Negocios CIF 2 | AA55: ="Extra Negocios CIF"&" "&$K$3 -> Extra Negocios CIF 2 | AB55: ="Empresas"&" "&$K$3 -> Empresas 2 | AC55: ="Extra Empresas"&" "&$K$3 -> Extra Empresas 2
L57: 1 | N57: =IFERROR(__xludf.DUMMYFUNCTION("IFERROR(IF($I6="""","""",IF($K$8>0,"""",IF(COUNT($I$6:$I$13)>1,0.9,1)*IF(VLOOKUP(LEFT(N$37,SEARCH(""☃"",SUBSTITUTE(N$37,"" "",""☃"",LEN(N$37)-LEN(SUBSTITUTE(N$37,"" "",""""))))-1),Excepciones!$A:$B,2,0)>=0,IFERROR(INDEX(FILTER(Precios!$D:$D,(Precios!$A:$A"&"<=$I6)*(Precios!$B:$B>=$I6)*(Precios!$C:$C=N$37)),1)*(1-$K$6),""No asegurable""),""No asegurable""))),"""") "),19.35) -> 19.35 | O57: =IFERROR(__xludf.DUMMYFUNCTION("IFERROR(IF(IF(COUNT($I$6:$I$13)>3,0.9,1)*IF(VLOOKUP(LEFT(O$37,SEARCH(""☃"",SUBSTITUTE(O$37,"" "",""☃"",LEN(O$37)-LEN(SUBSTITUTE(O$37,"" "",""""))))-1),Excepciones!$A:$B,2,0)>=0,IFERROR(INDEX(FILTER(Precios!$D:$D,(Precios!$A:$A<=$I6)*(Precios!$B:$B>=$I6)*("&"Precios!$C:$C=O$37)),1)*(IF($K$10=""Sí"",0.94,1)),""""),"""")=0,"""",IF(COUNT($I$6:$I$13)>3,0.9,1)*IF(VLOOKUP(LEFT(O$37,SEARCH(""☃"",SUBSTITUTE(O$37,"" "",""☃"",LEN(O$37)-LEN(SUBSTITUTE(O$37,"" "",""""))))-1),Excepciones!$A:$B,2,0)>=0,IFERROR(INDEX(FILTER"&"(Precios!$D:$D,(Precios!$A:$A<=$I6)*(Precios!$B:$B>=$I6)*(Precios!$C:$C=O$37)),1)*(IF($K$10=""Sí"",0.94,1)),""""),"""")),"""") "),45.45) -> 45.45 | Q57: =IFERROR(__xludf.DUMMYFUNCTION("IFERROR(IF(IF(COUNT($I$6:$I$13)>3,0.9,1)*IF(VLOOKUP(LEFT(Q$37,SEARCH(""☃"",SUBSTITUTE(Q$37,"" "",""☃"",LEN(Q$37)-LEN(SUBSTITUTE(Q$37,"" "",""""))))-1),Excepciones!$A:$B,2,0)>=0,IFERROR(INDEX(FILTER(Precios!$D:$D,(Precios!$A:$A<=$I6)*(Precios!$B:$B>=$I6)*("&"Precios!$C:$C=Q$37)),1)*(IF($K$10=""Sí"",0.94,1)),""""),"""")=0,"""",IF(COUNT($I$6:$I$13)>3,0.9,1)*IF(VLOOKUP(LEFT(Q$37,SEARCH(""☃"",SUBSTITUTE(Q$37,"" "",""☃"",LEN(Q$37)-LEN(SUBSTITUTE(Q$37,"" "",""""))))-1),Excepciones!$A:$B,2,0)>=0,IFERROR(INDEX(FILTER"&"(Precios!$D:$D,(Precios!$A:$A<=$I6)*(Precios!$B:$B>=$I6)*(Precios!$C:$C=Q$37)),1)*(IF($K$10=""Sí"",0.94,1)),""""),"""")),"""") "),55.800000000000004) -> 55.8 | R57: =IFERROR(__xludf.DUMMYFUNCTION("IFERROR(IF(IF(COUNT($I$6:$I$13)>3,0.9,1)*IF(VLOOKUP(LEFT(R$37,SEARCH(""☃"",SUBSTITUTE(R$37,"" "",""☃"",LEN(R$37)-LEN(SUBSTITUTE(R$37,"" "",""""))))-1),Excepciones!$A:$B,2,0)>=0,IFERROR(INDEX(FILTER(Precios!$D:$D,(Precios!$A:$A<=$I6)*(Precios!$B:$B>=$I6)*("&"Precios!$C:$C=R$37)),1)*(IF($K$10=""Sí"",0.94,1)),""""),"""")=0,"""",IF(COUNT($I$6:$I$13)>3,0.9,1)*IF(VLOOKUP(LEFT(R$37,SEARCH(""☃"",SUBSTITUTE(R$37,"" "",""☃"",LEN(R$37)-LEN(SUBSTITUTE(R$37,"" "",""""))))-1),Excepciones!$A:$B,2,0)>=0,IFERROR(INDEX(FILTER"&"(Precios!$D:$D,(Precios!$A:$A<=$I6)*(Precios!$B:$B>=$I6)*(Precios!$C:$C=R$37)),1)*(IF($K$10=""Sí"",0.94,1)),""""),"""")),"""") "),67.5) -> 67.5 | T57: =IFERROR(__xludf.DUMMYFUNCTION("IFERROR(IF(IF(COUNT($I$6:$I$13)>3,0.9,1)*IF(VLOOKUP(LEFT(T$37,SEARCH(""☃"",SUBSTITUTE(T$37,"" "",""☃"",LEN(T$37)-LEN(SUBSTITUTE(T$37,"" "",""""))))-1),Excepciones!$A:$B,2,0)>=0,IFERROR(INDEX(FILTER(Precios!$D:$D,(Precios!$A:$A<=$I6)*(Precios!$B:$B>=$I6)*("&"Precios!$C:$C=T$37)),1)*(IF($K$10=""Sí"",0.94,1)),""""),"""")=0,"""",IF(COUNT($I$6:$I$13)>3,0.9,1)*IF(VLOOKUP(LEFT(T$37,SEARCH(""☃"",SUBSTITUTE(T$37,"" "",""☃"",LEN(T$37)-LEN(SUBSTITUTE(T$37,"" "",""""))))-1),Excepciones!$A:$B,2,0)>=0,IFERROR(INDEX(FILTER"&"(Precios!$D:$D,(Precios!$A:$A<=$I6)*(Precios!$B:$B>=$I6)*(Precios!$C:$C=T$37)),1)*(IF($K$10=""Sí"",0.94,1)),""""),"""")),"""") "),99.0) -> 99 | U57: =IFERROR(__xludf.DUMMYFUNCTION("IFERROR(IF(IF(COUNT($I$6:$I$13)>=3,0.9,1)*IF(VLOOKUP(LEFT(U$37,SEARCH(""☃"",SUBSTITUTE(U$37,"" "",""☃"",LEN(U$37)-LEN(SUBSTITUTE(U$37,"" "",""""))))-1),Excepciones!$A:$B,2,0)>=0,IFERROR(INDEX(FILTER(Precios!$D:$D,(Precios!$A:$A<=$I6)*(Precios!$B:$B>=$I6)*"&"(Precios!$C:$C=U$37)),1)*(IF($K$10=""Sí"",0.94,1)),""""),"""")=0,"""",IF(COUNT($I$6:$I$13)>=3,0.9,1)*IF(VLOOKUP(LEFT(U$37,SEARCH(""☃"",SUBSTITUTE(U$37,"" "",""☃"",LEN(U$37)-LEN(SUBSTITUTE(U$37,"" "",""""))))-1),Excepciones!$A:$B,2,0)>=0,IFERROR(INDEX(FILT"&"ER(Precios!$D:$D,(Precios!$A:$A<=$I6)*(Precios!$B:$B>=$I6)*(Precios!$C:$C=U$37)),1)*(IF($K$10=""Sí"",0.94,1)),""""),"""")),"""") "),"") | W57: =IFERROR(__xludf.DUMMYFUNCTION("IFERROR(IF($I6="""","""",IF(VLOOKUP(LEFT(W$37,SEARCH(""☃"",SUBSTITUTE(W$37,"" "",""☃"",LEN(W$37)-LEN(SUBSTITUTE(W$37,"" "",""""))))-1),Excepciones!$A:$B,2,0)>=0,IFERROR(INDEX(filter(Precios!$D:$D,(Precios!$A:$A<=$I6)*(Precios!$B:$B>=$I6)*(Precios!$C:$C=W$"&"37)),1)*1,""""),"""")),"""")"),63.5) -> 63.5 | Y57: =IFERROR(__xludf.DUMMYFUNCTION("IFERROR(IF($I6="""","""",IF(VLOOKUP(LEFT(Y$37,SEARCH(""☃"",SUBSTITUTE(Y$37,"" "",""☃"",LEN(Y$37)-LEN(SUBSTITUTE(Y$37,"" "",""""))))-1),Excepciones!$A:$B,2,0)>=0,IFERROR(INDEX(filter(Precios!$D:$D,(Precios!$A:$A<=$I6)*(Precios!$B:$B>=$I6)*(Precios!$C:$C=Y$"&"37)),1)*1,""No asegurable""),""No asegurable"")),"""")"),"") | Z57: =IFERROR(__xludf.DUMMYFUNCTION("IFERROR(IF($I6="""","""",IF(VLOOKUP(LEFT(Z$37,SEARCH(""☃"",SUBSTITUTE(Z$37,"" "",""☃"",LEN(Z$37)-LEN(SUBSTITUTE(Z$37,"" "",""""))))-1),Excepciones!$A:$B,2,0)>=0,IFERROR(INDEX(filter(Precios!$D:$D,(Precios!$A:$A<=$I6)*(Precios!$B:$B>=$I6)*(Precios!$C:$C=Z$"&"37)),1)*1,""No asegurable""),""No asegurable"")),"""")"),52.0) -> 52 | AA57: =IFERROR(__xludf.DUMMYFUNCTION("IFERROR(IF($I6="""","""",IF(VLOOKUP(LEFT(AA$37,SEARCH(""☃"",SUBSTITUTE(AA$37,"" "",""☃"",LEN(AA$37)-LEN(SUBSTITUTE(AA$37,"" "",""""))))-1),Excepciones!$A:$B,2,0)>=0,IFERROR(INDEX(filter(Precios!$D:$D,(Precios!$A:$A<=$I6)*(Precios!$B:$B>=$I6)*(Precios!$C:$"&"C=AA$37)),1)*1,""No asegurable""),""No asegurable"")),"""")"),76.5) -> 76.5 | AB57: =IFERROR(__xludf.DUMMYFUNCTION("IFERROR(IF($I6="""","""",IF(VLOOKUP(LEFT(AB$37,SEARCH(""☃"",SUBSTITUTE(AB$37,"" "",""☃"",LEN(AB$37)-LEN(SUBSTITUTE(AB$37,"" "",""""))))-1),Excepciones!$A:$B,2,0)>=0,IFERROR(INDEX(filter(Precios!$D:$D,(Precios!$A:$A<=$I6)*(Precios!$B:$B>=$I6)*(Precios!$C:$"&"C=AB$37)),1)*1,""No asegurable""),""No asegurable"")),"""")"),58.5) -> 58.5 | AC57: =IFERROR(__xludf.DUMMYFUNCTION("IFERROR(IF($I6="""","""",IF(VLOOKUP(LEFT(AC$37,SEARCH(""☃"",SUBSTITUTE(AC$37,"" "",""☃"",LEN(AC$37)-LEN(SUBSTITUTE(AC$37,"" "",""""))))-1),Excepciones!$A:$B,2,0)>=0,IFERROR(INDEX(filter(Precios!$D:$D,(Precios!$A:$A<=$I6)*(Precios!$B:$B>=$I6)*(Precios!$C:$"&"C=AC$37)),1)*1,""No asegurable""),""No asegurable"")),"""")"),81.5) -> 81.5
L58: 2 | N58: =IFERROR(__xludf.DUMMYFUNCTION("IFERROR(IF($I7="""","""",IF($K$8>0,"""",IF(COUNT($I$6:$I$13)>1,0.9,1)*IF(VLOOKUP(LEFT(N$37,SEARCH(""☃"",SUBSTITUTE(N$37,"" "",""☃"",LEN(N$37)-LEN(SUBSTITUTE(N$37,"" "",""""))))-1),Excepciones!$A:$B,2,0)>=0,IFERROR(INDEX(FILTER(Precios!$D:$D,(Precios!$A:$A"&"<=$I7)*(Precios!$B:$B>=$I7)*(Precios!$C:$C=N$37)),1)*(1-$K$6),""No asegurable""),""No asegurable""))),"""") "),19.35) -> 19.35 | O58: =IFERROR(__xludf.DUMMYFUNCTION("IFERROR(IF(IF(COUNT($I$6:$I$13)>3,0.9,1)*IF(VLOOKUP(LEFT(O$37,SEARCH(""☃"",SUBSTITUTE(O$37,"" "",""☃"",LEN(O$37)-LEN(SUBSTITUTE(O$37,"" "",""""))))-1),Excepciones!$A:$B,2,0)>=0,IFERROR(INDEX(FILTER(Precios!$D:$D,(Precios!$A:$A<=$I7)*(Precios!$B:$B>=$I7)*("&"Precios!$C:$C=O$37)),1)*(IF($K$10=""Sí"",0.94,1)),""""),"""")=0,"""",IF(COUNT($I$6:$I$13)>3,0.9,1)*IF(VLOOKUP(LEFT(O$37,SEARCH(""☃"",SUBSTITUTE(O$37,"" "",""☃"",LEN(O$37)-LEN(SUBSTITUTE(O$37,"" "",""""))))-1),Excepciones!$A:$B,2,0)>=0,IFERROR(INDEX(FILTER"&"(Precios!$D:$D,(Precios!$A:$A<=$I7)*(Precios!$B:$B>=$I7)*(Precios!$C:$C=O$37)),1)*(IF($K$10=""Sí"",0.94,1)),""""),"""")),"""") "),45.45) -> 45.45 | Q58: =IFERROR(__xludf.DUMMYFUNCTION("IFERROR(IF(IF(COUNT($I$6:$I$13)>3,0.9,1)*IF(VLOOKUP(LEFT(Q$37,SEARCH(""☃"",SUBSTITUTE(Q$37,"" "",""☃"",LEN(Q$37)-LEN(SUBSTITUTE(Q$37,"" "",""""))))-1),Excepciones!$A:$B,2,0)>=0,IFERROR(INDEX(FILTER(Precios!$D:$D,(Precios!$A:$A<=$I7)*(Precios!$B:$B>=$I7)*("&"Precios!$C:$C=Q$37)),1)*(IF($K$10=""Sí"",0.94,1)),""""),"""")=0,"""",IF(COUNT($I$6:$I$13)>3,0.9,1)*IF(VLOOKUP(LEFT(Q$37,SEARCH(""☃"",SUBSTITUTE(Q$37,"" "",""☃"",LEN(Q$37)-LEN(SUBSTITUTE(Q$37,"" "",""""))))-1),Excepciones!$A:$B,2,0)>=0,IFERROR(INDEX(FILTER"&"(Precios!$D:$D,(Precios!$A:$A<=$I7)*(Precios!$B:$B>=$I7)*(Precios!$C:$C=Q$37)),1)*(IF($K$10=""Sí"",0.94,1)),""""),"""")),"""") "),55.800000000000004) -> 55.8 | R58: =IFERROR(__xludf.DUMMYFUNCTION("IFERROR(IF(IF(COUNT($I$6:$I$13)>3,0.9,1)*IF(VLOOKUP(LEFT(R$37,SEARCH(""☃"",SUBSTITUTE(R$37,"" "",""☃"",LEN(R$37)-LEN(SUBSTITUTE(R$37,"" "",""""))))-1),Excepciones!$A:$B,2,0)>=0,IFERROR(INDEX(FILTER(Precios!$D:$D,(Precios!$A:$A<=$I7)*(Precios!$B:$B>=$I7)*("&"Precios!$C:$C=R$37)),1)*(IF($K$10=""Sí"",0.94,1)),""""),"""")=0,"""",IF(COUNT($I$6:$I$13)>3,0.9,1)*IF(VLOOKUP(LEFT(R$37,SEARCH(""☃"",SUBSTITUTE(R$37,"" "",""☃"",LEN(R$37)-LEN(SUBSTITUTE(R$37,"" "",""""))))-1),Excepciones!$A:$B,2,0)>=0,IFERROR(INDEX(FILTER"&"(Precios!$D:$D,(Precios!$A:$A<=$I7)*(Precios!$B:$B>=$I7)*(Precios!$C:$C=R$37)),1)*(IF($K$10=""Sí"",0.94,1)),""""),"""")),"""") "),67.5) -> 67.5 | T58: =IFERROR(__xludf.DUMMYFUNCTION("IFERROR(IF(IF(COUNT($I$6:$I$13)>3,0.9,1)*IF(VLOOKUP(LEFT(T$37,SEARCH(""☃"",SUBSTITUTE(T$37,"" "",""☃"",LEN(T$37)-LEN(SUBSTITUTE(T$37,"" "",""""))))-1),Excepciones!$A:$B,2,0)>=0,IFERROR(INDEX(FILTER(Precios!$D:$D,(Precios!$A:$A<=$I7)*(Precios!$B:$B>=$I7)*("&"Precios!$C:$C=T$37)),1)*(IF($K$10=""Sí"",0.94,1)),""""),"""")=0,"""",IF(COUNT($I$6:$I$13)>3,0.9,1)*IF(VLOOKUP(LEFT(T$37,SEARCH(""☃"",SUBSTITUTE(T$37,"" "",""☃"",LEN(T$37)-LEN(SUBSTITUTE(T$37,"" "",""""))))-1),Excepciones!$A:$B,2,0)>=0,IFERROR(INDEX(FILTER"&"(Precios!$D:$D,(Precios!$A:$A<=$I7)*(Precios!$B:$B>=$I7)*(Precios!$C:$C=T$37)),1)*(IF($K$10=""Sí"",0.94,1)),""""),"""")),"""") "),99.0) -> 99 | U58: =IFERROR(__xludf.DUMMYFUNCTION("IFERROR(IF(IF(COUNT($I$6:$I$13)>=3,0.9,1)*IF(VLOOKUP(LEFT(U$37,SEARCH(""☃"",SUBSTITUTE(U$37,"" "",""☃"",LEN(U$37)-LEN(SUBSTITUTE(U$37,"" "",""""))))-1),Excepciones!$A:$B,2,0)>=0,IFERROR(INDEX(FILTER(Precios!$D:$D,(Precios!$A:$A<=$I7)*(Precios!$B:$B>=$I7)*"&"(Precios!$C:$C=U$37)),1)*(IF($K$10=""Sí"",0.94,1)),""""),"""")=0,"""",IF(COUNT($I$6:$I$13)>=3,0.9,1)*IF(VLOOKUP(LEFT(U$37,SEARCH(""☃"",SUBSTITUTE(U$37,"" "",""☃"",LEN(U$37)-LEN(SUBSTITUTE(U$37,"" "",""""))))-1),Excepciones!$A:$B,2,0)>=0,IFERROR(INDEX(FILT"&"ER(Precios!$D:$D,(Precios!$A:$A<=$I7)*(Precios!$B:$B>=$I7)*(Precios!$C:$C=U$37)),1)*(IF($K$10=""Sí"",0.94,1)),""""),"""")),"""") "),"") | W58: =IFERROR(__xludf.DUMMYFUNCTION("IFERROR(IF($I7="""","""",IF(VLOOKUP(LEFT(W$37,SEARCH(""☃"",SUBSTITUTE(W$37,"" "",""☃"",LEN(W$37)-LEN(SUBSTITUTE(W$37,"" "",""""))))-1),Excepciones!$A:$B,2,0)>=0,IFERROR(INDEX(filter(Precios!$D:$D,(Precios!$A:$A<=$I7)*(Precios!$B:$B>=$I7)*(Precios!$C:$C=W$"&"37)),1)*1,""""),"""")),"""")"),63.5) -> 63.5 | Y58: =IFERROR(__xludf.DUMMYFUNCTION("IFERROR(IF($I7="""","""",IF(VLOOKUP(LEFT(Y$37,SEARCH(""☃"",SUBSTITUTE(Y$37,"" "",""☃"",LEN(Y$37)-LEN(SUBSTITUTE(Y$37,"" "",""""))))-1),Excepciones!$A:$B,2,0)>=0,IFERROR(INDEX(filter(Precios!$D:$D,(Precios!$A:$A<=$I7)*(Precios!$B:$B>=$I7)*(Precios!$C:$C=Y$"&"37)),1)*1,""No asegurable""),""No asegurable"")),"""")"),"") | Z58: =IFERROR(__xludf.DUMMYFUNCTION("IFERROR(IF($I7="""","""",IF(VLOOKUP(LEFT(Z$37,SEARCH(""☃"",SUBSTITUTE(Z$37,"" "",""☃"",LEN(Z$37)-LEN(SUBSTITUTE(Z$37,"" "",""""))))-1),Excepciones!$A:$B,2,0)>=0,IFERROR(INDEX(filter(Precios!$D:$D,(Precios!$A:$A<=$I7)*(Precios!$B:$B>=$I7)*(Precios!$C:$C=Z$"&"37)),1)*1,""No asegurable""),""No asegurable"")),"""")"),52.0) -> 52 | AA58: =IFERROR(__xludf.DUMMYFUNCTION("IFERROR(IF($I7="""","""",IF(VLOOKUP(LEFT(AA$37,SEARCH(""☃"",SUBSTITUTE(AA$37,"" "",""☃"",LEN(AA$37)-LEN(SUBSTITUTE(AA$37,"" "",""""))))-1),Excepciones!$A:$B,2,0)>=0,IFERROR(INDEX(filter(Precios!$D:$D,(Precios!$A:$A<=$I7)*(Precios!$B:$B>=$I7)*(Precios!$C:$"&"C=AA$37)),1)*1,""No asegurable""),""No asegurable"")),"""")"),76.5) -> 76.5 | AB58: =IFERROR(__xludf.DUMMYFUNCTION("IFERROR(IF($I7="""","""",IF(VLOOKUP(LEFT(AB$37,SEARCH(""☃"",SUBSTITUTE(AB$37,"" "",""☃"",LEN(AB$37)-LEN(SUBSTITUTE(AB$37,"" "",""""))))-1),Excepciones!$A:$B,2,0)>=0,IFERROR(INDEX(filter(Precios!$D:$D,(Precios!$A:$A<=$I7)*(Precios!$B:$B>=$I7)*(Precios!$C:$"&"C=AB$37)),1)*1,""No asegurable""),""No asegurable"")),"""")"),58.5) -> 58.5 | AC58: =IFERROR(__xludf.DUMMYFUNCTION("IFERROR(IF($I7="""","""",IF(VLOOKUP(LEFT(AC$37,SEARCH(""☃"",SUBSTITUTE(AC$37,"" "",""☃"",LEN(AC$37)-LEN(SUBSTITUTE(AC$37,"" "",""""))))-1),Excepciones!$A:$B,2,0)>=0,IFERROR(INDEX(filter(Precios!$D:$D,(Precios!$A:$A<=$I7)*(Precios!$B:$B>=$I7)*(Precios!$C:$"&"C=AC$37)),1)*1,""No asegurable""),""No asegurable"")),"""")"),81.5) -> 81.5
L59: 3 | N59: =IFERROR(__xludf.DUMMYFUNCTION("IFERROR(IF($I8="""","""",IF($K$8>0,"""",IF(COUNT($I$6:$I$13)>1,0.9,1)*IF(VLOOKUP(LEFT(N$37,SEARCH(""☃"",SUBSTITUTE(N$37,"" "",""☃"",LEN(N$37)-LEN(SUBSTITUTE(N$37,"" "",""""))))-1),Excepciones!$A:$B,2,0)>=0,IFERROR(INDEX(FILTER(Precios!$D:$D,(Precios!$A:$A"&"<=$I8)*(Precios!$B:$B>=$I8)*(Precios!$C:$C=N$37)),1)*(1-$K$6),""No asegurable""),""No asegurable""))),"""") "),35.1) -> 35.1 | O59: =IFERROR(__xludf.DUMMYFUNCTION("IFERROR(IF(IF(COUNT($I$6:$I$13)>3,0.9,1)*IF(VLOOKUP(LEFT(O$37,SEARCH(""☃"",SUBSTITUTE(O$37,"" "",""☃"",LEN(O$37)-LEN(SUBSTITUTE(O$37,"" "",""""))))-1),Excepciones!$A:$B,2,0)>=0,IFERROR(INDEX(FILTER(Precios!$D:$D,(Precios!$A:$A<=$I8)*(Precios!$B:$B>=$I8)*("&"Precios!$C:$C=O$37)),1)*(IF($K$10=""Sí"",0.94,1)),""""),"""")=0,"""",IF(COUNT($I$6:$I$13)>3,0.9,1)*IF(VLOOKUP(LEFT(O$37,SEARCH(""☃"",SUBSTITUTE(O$37,"" "",""☃"",LEN(O$37)-LEN(SUBSTITUTE(O$37,"" "",""""))))-1),Excepciones!$A:$B,2,0)>=0,IFERROR(INDEX(FILTER"&"(Precios!$D:$D,(Precios!$A:$A<=$I8)*(Precios!$B:$B>=$I8)*(Precios!$C:$C=O$37)),1)*(IF($K$10=""Sí"",0.94,1)),""""),"""")),"""") "),85.5) -> 85.5 | Q59: =IFERROR(__xludf.DUMMYFUNCTION("IFERROR(IF(IF(COUNT($I$6:$I$13)>3,0.9,1)*IF(VLOOKUP(LEFT(Q$37,SEARCH(""☃"",SUBSTITUTE(Q$37,"" "",""☃"",LEN(Q$37)-LEN(SUBSTITUTE(Q$37,"" "",""""))))-1),Excepciones!$A:$B,2,0)>=0,IFERROR(INDEX(FILTER(Precios!$D:$D,(Precios!$A:$A<=$I8)*(Precios!$B:$B>=$I8)*("&"Precios!$C:$C=Q$37)),1)*(IF($K$10=""Sí"",0.94,1)),""""),"""")=0,"""",IF(COUNT($I$6:$I$13)>3,0.9,1)*IF(VLOOKUP(LEFT(Q$37,SEARCH(""☃"",SUBSTITUTE(Q$37,"" "",""☃"",LEN(Q$37)-LEN(SUBSTITUTE(Q$37,"" "",""""))))-1),Excepciones!$A:$B,2,0)>=0,IFERROR(INDEX(FILTER"&"(Precios!$D:$D,(Precios!$A:$A<=$I8)*(Precios!$B:$B>=$I8)*(Precios!$C:$C=Q$37)),1)*(IF($K$10=""Sí"",0.94,1)),""""),"""")),"""") "),96.3) -> 96.3 | R59: =IFERROR(__xludf.DUMMYFUNCTION("IFERROR(IF(IF(COUNT($I$6:$I$13)>3,0.9,1)*IF(VLOOKUP(LEFT(R$37,SEARCH(""☃"",SUBSTITUTE(R$37,"" "",""☃"",LEN(R$37)-LEN(SUBSTITUTE(R$37,"" "",""""))))-1),Excepciones!$A:$B,2,0)>=0,IFERROR(INDEX(FILTER(Precios!$D:$D,(Precios!$A:$A<=$I8)*(Precios!$B:$B>=$I8)*("&"Precios!$C:$C=R$37)),1)*(IF($K$10=""Sí"",0.94,1)),""""),"""")=0,"""",IF(COUNT($I$6:$I$13)>3,0.9,1)*IF(VLOOKUP(LEFT(R$37,SEARCH(""☃"",SUBSTITUTE(R$37,"" "",""☃"",LEN(R$37)-LEN(SUBSTITUTE(R$37,"" "",""""))))-1),Excepciones!$A:$B,2,0)>=0,IFERROR(INDEX(FILTER"&"(Precios!$D:$D,(Precios!$A:$A<=$I8)*(Precios!$B:$B>=$I8)*(Precios!$C:$C=R$37)),1)*(IF($K$10=""Sí"",0.94,1)),""""),"""")),"""") "),139.5) -> 139.5 | T59: =IFERROR(__xludf.DUMMYFUNCTION("IFERROR(IF(IF(COUNT($I$6:$I$13)>3,0.9,1)*IF(VLOOKUP(LEFT(T$37,SEARCH(""☃"",SUBSTITUTE(T$37,"" "",""☃"",LEN(T$37)-LEN(SUBSTITUTE(T$37,"" "",""""))))-1),Excepciones!$A:$B,2,0)>=0,IFERROR(INDEX(FILTER(Precios!$D:$D,(Precios!$A:$A<=$I8)*(Precios!$B:$B>=$I8)*("&"Precios!$C:$C=T$37)),1)*(IF($K$10=""Sí"",0.94,1)),""""),"""")=0,"""",IF(COUNT($I$6:$I$13)>3,0.9,1)*IF(VLOOKUP(LEFT(T$37,SEARCH(""☃"",SUBSTITUTE(T$37,"" "",""☃"",LEN(T$37)-LEN(SUBSTITUTE(T$37,"" "",""""))))-1),Excepciones!$A:$B,2,0)>=0,IFERROR(INDEX(FILTER"&"(Precios!$D:$D,(Precios!$A:$A<=$I8)*(Precios!$B:$B>=$I8)*(Precios!$C:$C=T$37)),1)*(IF($K$10=""Sí"",0.94,1)),""""),"""")),"""") "),162.0) -> 162 | U59: =IFERROR(__xludf.DUMMYFUNCTION("IFERROR(IF(IF(COUNT($I$6:$I$13)>=3,0.9,1)*IF(VLOOKUP(LEFT(U$37,SEARCH(""☃"",SUBSTITUTE(U$37,"" "",""☃"",LEN(U$37)-LEN(SUBSTITUTE(U$37,"" "",""""))))-1),Excepciones!$A:$B,2,0)>=0,IFERROR(INDEX(FILTER(Precios!$D:$D,(Precios!$A:$A<=$I8)*(Precios!$B:$B>=$I8)*"&"(Precios!$C:$C=U$37)),1)*(IF($K$10=""Sí"",0.94,1)),""""),"""")=0,"""",IF(COUNT($I$6:$I$13)>=3,0.9,1)*IF(VLOOKUP(LEFT(U$37,SEARCH(""☃"",SUBSTITUTE(U$37,"" "",""☃"",LEN(U$37)-LEN(SUBSTITUTE(U$37,"" "",""""))))-1),Excepciones!$A:$B,2,0)>=0,IFERROR(INDEX(FILT"&"ER(Precios!$D:$D,(Precios!$A:$A<=$I8)*(Precios!$B:$B>=$I8)*(Precios!$C:$C=U$37)),1)*(IF($K$10=""Sí"",0.94,1)),""""),"""")),"""") "),"") | W59: =IFERROR(__xludf.DUMMYFUNCTION("IFERROR(IF($I8="""","""",IF(VLOOKUP(LEFT(W$37,SEARCH(""☃"",SUBSTITUTE(W$37,"" "",""☃"",LEN(W$37)-LEN(SUBSTITUTE(W$37,"" "",""""))))-1),Excepciones!$A:$B,2,0)>=0,IFERROR(INDEX(filter(Precios!$D:$D,(Precios!$A:$A<=$I8)*(Precios!$B:$B>=$I8)*(Precios!$C:$C=W$"&"37)),1)*1,""""),"""")),"""")"),127.0) -> 127 | Y59: =IFERROR(__xludf.DUMMYFUNCTION("IFERROR(IF($I8="""","""",IF(VLOOKUP(LEFT(Y$37,SEARCH(""☃"",SUBSTITUTE(Y$37,"" "",""☃"",LEN(Y$37)-LEN(SUBSTITUTE(Y$37,"" "",""""))))-1),Excepciones!$A:$B,2,0)>=0,IFERROR(INDEX(filter(Precios!$D:$D,(Precios!$A:$A<=$I8)*(Precios!$B:$B>=$I8)*(Precios!$C:$C=Y$"&"37)),1)*1,""No asegurable""),""No asegurable"")),"""")"),"") | Z59: =IFERROR(__xludf.DUMMYFUNCTION("IFERROR(IF($I8="""","""",IF(VLOOKUP(LEFT(Z$37,SEARCH(""☃"",SUBSTITUTE(Z$37,"" "",""☃"",LEN(Z$37)-LEN(SUBSTITUTE(Z$37,"" "",""""))))-1),Excepciones!$A:$B,2,0)>=0,IFERROR(INDEX(filter(Precios!$D:$D,(Precios!$A:$A<=$I8)*(Precios!$B:$B>=$I8)*(Precios!$C:$C=Z$"&"37)),1)*1,""No asegurable""),""No asegurable"")),"""")"),81.0) -> 81 | AA59: =IFERROR(__xludf.DUMMYFUNCTION("IFERROR(IF($I8="""","""",IF(VLOOKUP(LEFT(AA$37,SEARCH(""☃"",SUBSTITUTE(AA$37,"" "",""☃"",LEN(AA$37)-LEN(SUBSTITUTE(AA$37,"" "",""""))))-1),Excepciones!$A:$B,2,0)>=0,IFERROR(INDEX(filter(Precios!$D:$D,(Precios!$A:$A<=$I8)*(Precios!$B:$B>=$I8)*(Precios!$C:$"&"C=AA$37)),1)*1,""No asegurable""),""No asegurable"")),"""")"),115.0) -> 115 | AB59: =IFERROR(__xludf.DUMMYFUNCTION("IFERROR(IF($I8="""","""",IF(VLOOKUP(LEFT(AB$37,SEARCH(""☃"",SUBSTITUTE(AB$37,"" "",""☃"",LEN(AB$37)-LEN(SUBSTITUTE(AB$37,"" "",""""))))-1),Excepciones!$A:$B,2,0)>=0,IFERROR(INDEX(filter(Precios!$D:$D,(Precios!$A:$A<=$I8)*(Precios!$B:$B>=$I8)*(Precios!$C:$"&"C=AB$37)),1)*1,""No asegurable""),""No asegurable"")),"""")"),58.5) -> 58.5 | AC59: =IFERROR(__xludf.DUMMYFUNCTION("IFERROR(IF($I8="""","""",IF(VLOOKUP(LEFT(AC$37,SEARCH(""☃"",SUBSTITUTE(AC$37,"" "",""☃"",LEN(AC$37)-LEN(SUBSTITUTE(AC$37,"" "",""""))))-1),Excepciones!$A:$B,2,0)>=0,IFERROR(INDEX(filter(Precios!$D:$D,(Precios!$A:$A<=$I8)*(Precios!$B:$B>=$I8)*(Precios!$C:$"&"C=AC$37)),1)*1,""No asegurable""),""No asegurable"")),"""")"),81.5) -> 81.5
L60: 4 | N60: =IFERROR(__xludf.DUMMYFUNCTION("IFERROR(IF($I9="""","""",IF($K$8>0,"""",IF(COUNT($I$6:$I$13)>1,0.9,1)*IF(VLOOKUP(LEFT(N$37,SEARCH(""☃"",SUBSTITUTE(N$37,"" "",""☃"",LEN(N$37)-LEN(SUBSTITUTE(N$37,"" "",""""))))-1),Excepciones!$A:$B,2,0)>=0,IFERROR(INDEX(FILTER(Precios!$D:$D,(Precios!$A:$A"&"<=$I9)*(Precios!$B:$B>=$I9)*(Precios!$C:$C=N$37)),1)*(1-$K$6),""No asegurable""),""No asegurable""))),"""") "),35.1) -> 35.1 | O60: =IFERROR(__xludf.DUMMYFUNCTION("IFERROR(IF(IF(COUNT($I$6:$I$13)>3,0.9,1)*IF(VLOOKUP(LEFT(O$37,SEARCH(""☃"",SUBSTITUTE(O$37,"" "",""☃"",LEN(O$37)-LEN(SUBSTITUTE(O$37,"" "",""""))))-1),Excepciones!$A:$B,2,0)>=0,IFERROR(INDEX(FILTER(Precios!$D:$D,(Precios!$A:$A<=$I9)*(Precios!$B:$B>=$I9)*("&"Precios!$C:$C=O$37)),1)*(IF($K$10=""Sí"",0.94,1)),""""),"""")=0,"""",IF(COUNT($I$6:$I$13)>3,0.9,1)*IF(VLOOKUP(LEFT(O$37,SEARCH(""☃"",SUBSTITUTE(O$37,"" "",""☃"",LEN(O$37)-LEN(SUBSTITUTE(O$37,"" "",""""))))-1),Excepciones!$A:$B,2,0)>=0,IFERROR(INDEX(FILTER"&"(Precios!$D:$D,(Precios!$A:$A<=$I9)*(Precios!$B:$B>=$I9)*(Precios!$C:$C=O$37)),1)*(IF($K$10=""Sí"",0.94,1)),""""),"""")),"""") "),146.70000000000002) -> 146.7 | Q60: =IFERROR(__xludf.DUMMYFUNCTION("IFERROR(IF(IF(COUNT($I$6:$I$13)>3,0.9,1)*IF(VLOOKUP(LEFT(Q$37,SEARCH(""☃"",SUBSTITUTE(Q$37,"" "",""☃"",LEN(Q$37)-LEN(SUBSTITUTE(Q$37,"" "",""""))))-1),Excepciones!$A:$B,2,0)>=0,IFERROR(INDEX(FILTER(Precios!$D:$D,(Precios!$A:$A<=$I9)*(Precios!$B:$B>=$I9)*("&"Precios!$C:$C=Q$37)),1)*(IF($K$10=""Sí"",0.94,1)),""""),"""")=0,"""",IF(COUNT($I$6:$I$13)>3,0.9,1)*IF(VLOOKUP(LEFT(Q$37,SEARCH(""☃"",SUBSTITUTE(Q$37,"" "",""☃"",LEN(Q$37)-LEN(SUBSTITUTE(Q$37,"" "",""""))))-1),Excepciones!$A:$B,2,0)>=0,IFERROR(INDEX(FILTER"&"(Precios!$D:$D,(Precios!$A:$A<=$I9)*(Precios!$B:$B>=$I9)*(Precios!$C:$C=Q$37)),1)*(IF($K$10=""Sí"",0.94,1)),""""),"""")),"""") "),150.3) -> 150.3 | R60: =IFERROR(__xludf.DUMMYFUNCTION("IFERROR(IF(IF(COUNT($I$6:$I$13)>3,0.9,1)*IF(VLOOKUP(LEFT(R$37,SEARCH(""☃"",SUBSTITUTE(R$37,"" "",""☃"",LEN(R$37)-LEN(SUBSTITUTE(R$37,"" "",""""))))-1),Excepciones!$A:$B,2,0)>=0,IFERROR(INDEX(FILTER(Precios!$D:$D,(Precios!$A:$A<=$I9)*(Precios!$B:$B>=$I9)*("&"Precios!$C:$C=R$37)),1)*(IF($K$10=""Sí"",0.94,1)),""""),"""")=0,"""",IF(COUNT($I$6:$I$13)>3,0.9,1)*IF(VLOOKUP(LEFT(R$37,SEARCH(""☃"",SUBSTITUTE(R$37,"" "",""☃"",LEN(R$37)-LEN(SUBSTITUTE(R$37,"" "",""""))))-1),Excepciones!$A:$B,2,0)>=0,IFERROR(INDEX(FILTER"&"(Precios!$D:$D,(Precios!$A:$A<=$I9)*(Precios!$B:$B>=$I9)*(Precios!$C:$C=R$37)),1)*(IF($K$10=""Sí"",0.94,1)),""""),"""")),"""") "),229.5) -> 229.5 | T60: =IFERROR(__xludf.DUMMYFUNCTION("IFERROR(IF(IF(COUNT($I$6:$I$13)>3,0.9,1)*IF(VLOOKUP(LEFT(T$37,SEARCH(""☃"",SUBSTITUTE(T$37,"" "",""☃"",LEN(T$37)-LEN(SUBSTITUTE(T$37,"" "",""""))))-1),Excepciones!$A:$B,2,0)>=0,IFERROR(INDEX(FILTER(Precios!$D:$D,(Precios!$A:$A<=$I9)*(Precios!$B:$B>=$I9)*("&"Precios!$C:$C=T$37)),1)*(IF($K$10=""Sí"",0.94,1)),""""),"""")=0,"""",IF(COUNT($I$6:$I$13)>3,0.9,1)*IF(VLOOKUP(LEFT(T$37,SEARCH(""☃"",SUBSTITUTE(T$37,"" "",""☃"",LEN(T$37)-LEN(SUBSTITUTE(T$37,"" "",""""))))-1),Excepciones!$A:$B,2,0)>=0,IFERROR(INDEX(FILTER"&"(Precios!$D:$D,(Precios!$A:$A<=$I9)*(Precios!$B:$B>=$I9)*(Precios!$C:$C=T$37)),1)*(IF($K$10=""Sí"",0.94,1)),""""),"""")),"""") "),270.90000000000003) -> 270.9 | U60: =IFERROR(__xludf.DUMMYFUNCTION("IFERROR(IF(IF(COUNT($I$6:$I$13)>=3,0.9,1)*IF(VLOOKUP(LEFT(U$37,SEARCH(""☃"",SUBSTITUTE(U$37,"" "",""☃"",LEN(U$37)-LEN(SUBSTITUTE(U$37,"" "",""""))))-1),Excepciones!$A:$B,2,0)>=0,IFERROR(INDEX(FILTER(Precios!$D:$D,(Precios!$A:$A<=$I9)*(Precios!$B:$B>=$I9)*"&"(Precios!$C:$C=U$37)),1)*(IF($K$10=""Sí"",0.94,1)),""""),"""")=0,"""",IF(COUNT($I$6:$I$13)>=3,0.9,1)*IF(VLOOKUP(LEFT(U$37,SEARCH(""☃"",SUBSTITUTE(U$37,"" "",""☃"",LEN(U$37)-LEN(SUBSTITUTE(U$37,"" "",""""))))-1),Excepciones!$A:$B,2,0)>=0,IFERROR(INDEX(FILT"&"ER(Precios!$D:$D,(Precios!$A:$A<=$I9)*(Precios!$B:$B>=$I9)*(Precios!$C:$C=U$37)),1)*(IF($K$10=""Sí"",0.94,1)),""""),"""")),"""") "),"") | W60: =IFERROR(__xludf.DUMMYFUNCTION("IFERROR(IF($I9="""","""",IF(VLOOKUP(LEFT(W$37,SEARCH(""☃"",SUBSTITUTE(W$37,"" "",""☃"",LEN(W$37)-LEN(SUBSTITUTE(W$37,"" "",""""))))-1),Excepciones!$A:$B,2,0)>=0,IFERROR(INDEX(filter(Precios!$D:$D,(Precios!$A:$A<=$I9)*(Precios!$B:$B>=$I9)*(Precios!$C:$C=W$"&"37)),1)*1,""""),"""")),"""")"),238.0) -> 238 | Y60: =IFERROR(__xludf.DUMMYFUNCTION("IFERROR(IF($I9="""","""",IF(VLOOKUP(LEFT(Y$37,SEARCH(""☃"",SUBSTITUTE(Y$37,"" "",""☃"",LEN(Y$37)-LEN(SUBSTITUTE(Y$37,"" "",""""))))-1),Excepciones!$A:$B,2,0)>=0,IFERROR(INDEX(filter(Precios!$D:$D,(Precios!$A:$A<=$I9)*(Precios!$B:$B>=$I9)*(Precios!$C:$C=Y$"&"37)),1)*1,""No asegurable""),""No asegurable"")),"""")"),"") | Z60: =IFERROR(__xludf.DUMMYFUNCTION("IFERROR(IF($I9="""","""",IF(VLOOKUP(LEFT(Z$37,SEARCH(""☃"",SUBSTITUTE(Z$37,"" "",""☃"",LEN(Z$37)-LEN(SUBSTITUTE(Z$37,"" "",""""))))-1),Excepciones!$A:$B,2,0)>=0,IFERROR(INDEX(filter(Precios!$D:$D,(Precios!$A:$A<=$I9)*(Precios!$B:$B>=$I9)*(Precios!$C:$C=Z$"&"37)),1)*1,""No asegurable""),""No asegurable"")),"""")"),105.0) -> 105 | AA60: =IFERROR(__xludf.DUMMYFUNCTION("IFERROR(IF($I9="""","""",IF(VLOOKUP(LEFT(AA$37,SEARCH(""☃"",SUBSTITUTE(AA$37,"" "",""☃"",LEN(AA$37)-LEN(SUBSTITUTE(AA$37,"" "",""""))))-1),Excepciones!$A:$B,2,0)>=0,IFERROR(INDEX(filter(Precios!$D:$D,(Precios!$A:$A<=$I9)*(Precios!$B:$B>=$I9)*(Precios!$C:$"&"C=AA$37)),1)*1,""No asegurable""),""No asegurable"")),"""")"),137.0) -> 137 | AB60: =IFERROR(__xludf.DUMMYFUNCTION("IFERROR(IF($I9="""","""",IF(VLOOKUP(LEFT(AB$37,SEARCH(""☃"",SUBSTITUTE(AB$37,"" "",""☃"",LEN(AB$37)-LEN(SUBSTITUTE(AB$37,"" "",""""))))-1),Excepciones!$A:$B,2,0)>=0,IFERROR(INDEX(filter(Precios!$D:$D,(Precios!$A:$A<=$I9)*(Precios!$B:$B>=$I9)*(Precios!$C:$"&"C=AB$37)),1)*1,""No asegurable""),""No asegurable"")),"""")"),92.0) -> 92 | AC60: =IFERROR(__xludf.DUMMYFUNCTION("IFERROR(IF($I9="""","""",IF(VLOOKUP(LEFT(AC$37,SEARCH(""☃"",SUBSTITUTE(AC$37,"" "",""☃"",LEN(AC$37)-LEN(SUBSTITUTE(AC$37,"" "",""""))))-1),Excepciones!$A:$B,2,0)>=0,IFERROR(INDEX(filter(Precios!$D:$D,(Precios!$A:$A<=$I9)*(Precios!$B:$B>=$I9)*(Precios!$C:$"&"C=AC$37)),1)*1,""No asegurable""),""No asegurable"")),"""")"),115.0) -> 115
L61: 5 | N61: =IFERROR(__xludf.DUMMYFUNCTION("IFERROR(IF($I10="""","""",IF($K$8>0,"""",IF(COUNT($I$6:$I$13)>1,0.9,1)*IF(VLOOKUP(LEFT(N$37,SEARCH(""☃"",SUBSTITUTE(N$37,"" "",""☃"",LEN(N$37)-LEN(SUBSTITUTE(N$37,"" "",""""))))-1),Excepciones!$A:$B,2,0)>=0,IFERROR(INDEX(FILTER(Precios!$D:$D,(Precios!$A:$"&"A<=$I10)*(Precios!$B:$B>=$I10)*(Precios!$C:$C=N$37)),1)*(1-$K$6),""No asegurable""),""No asegurable""))),"""") "),"") | O61: =IFERROR(__xludf.DUMMYFUNCTION("IFERROR(IF(IF(COUNT($I$6:$I$13)>3,0.9,1)*IF(VLOOKUP(LEFT(O$37,SEARCH(""☃"",SUBSTITUTE(O$37,"" "",""☃"",LEN(O$37)-LEN(SUBSTITUTE(O$37,"" "",""""))))-1),Excepciones!$A:$B,2,0)>=0,IFERROR(INDEX(FILTER(Precios!$D:$D,(Precios!$A:$A<=$I10)*(Precios!$B:$B>=$I10)"&"*(Precios!$C:$C=O$37)),1)*(IF($K$10=""Sí"",0.94,1)),""""),"""")=0,"""",IF(COUNT($I$6:$I$13)>3,0.9,1)*IF(VLOOKUP(LEFT(O$37,SEARCH(""☃"",SUBSTITUTE(O$37,"" "",""☃"",LEN(O$37)-LEN(SUBSTITUTE(O$37,"" "",""""))))-1),Excepciones!$A:$B,2,0)>=0,IFERROR(INDEX(FILT"&"ER(Precios!$D:$D,(Precios!$A:$A<=$I10)*(Precios!$B:$B>=$I10)*(Precios!$C:$C=O$37)),1)*(IF($K$10=""Sí"",0.94,1)),""""),"""")),"""") "),"") | Q61: =IFERROR(__xludf.DUMMYFUNCTION("IFERROR(IF(IF(COUNT($I$6:$I$13)>3,0.9,1)*IF(VLOOKUP(LEFT(Q$37,SEARCH(""☃"",SUBSTITUTE(Q$37,"" "",""☃"",LEN(Q$37)-LEN(SUBSTITUTE(Q$37,"" "",""""))))-1),Excepciones!$A:$B,2,0)>=0,IFERROR(INDEX(FILTER(Precios!$D:$D,(Precios!$A:$A<=$I10)*(Precios!$B:$B>=$I10)"&"*(Precios!$C:$C=Q$37)),1)*(IF($K$10=""Sí"",0.94,1)),""""),"""")=0,"""",IF(COUNT($I$6:$I$13)>3,0.9,1)*IF(VLOOKUP(LEFT(Q$37,SEARCH(""☃"",SUBSTITUTE(Q$37,"" "",""☃"",LEN(Q$37)-LEN(SUBSTITUTE(Q$37,"" "",""""))))-1),Excepciones!$A:$B,2,0)>=0,IFERROR(INDEX(FILT"&"ER(Precios!$D:$D,(Precios!$A:$A<=$I10)*(Precios!$B:$B>=$I10)*(Precios!$C:$C=Q$37)),1)*(IF($K$10=""Sí"",0.94,1)),""""),"""")),"""") "),"") | R61: =IFERROR(__xludf.DUMMYFUNCTION("IFERROR(IF(IF(COUNT($I$6:$I$13)>3,0.9,1)*IF(VLOOKUP(LEFT(R$37,SEARCH(""☃"",SUBSTITUTE(R$37,"" "",""☃"",LEN(R$37)-LEN(SUBSTITUTE(R$37,"" "",""""))))-1),Excepciones!$A:$B,2,0)>=0,IFERROR(INDEX(FILTER(Precios!$D:$D,(Precios!$A:$A<=$I10)*(Precios!$B:$B>=$I10)"&"*(Precios!$C:$C=R$37)),1)*(IF($K$10=""Sí"",0.94,1)),""""),"""")=0,"""",IF(COUNT($I$6:$I$13)>3,0.9,1)*IF(VLOOKUP(LEFT(R$37,SEARCH(""☃"",SUBSTITUTE(R$37,"" "",""☃"",LEN(R$37)-LEN(SUBSTITUTE(R$37,"" "",""""))))-1),Excepciones!$A:$B,2,0)>=0,IFERROR(INDEX(FILT"&"ER(Precios!$D:$D,(Precios!$A:$A<=$I10)*(Precios!$B:$B>=$I10)*(Precios!$C:$C=R$37)),1)*(IF($K$10=""Sí"",0.94,1)),""""),"""")),"""") "),"") | T61: =IFERROR(__xludf.DUMMYFUNCTION("IFERROR(IF(IF(COUNT($I$6:$I$13)>3,0.9,1)*IF(VLOOKUP(LEFT(T$37,SEARCH(""☃"",SUBSTITUTE(T$37,"" "",""☃"",LEN(T$37)-LEN(SUBSTITUTE(T$37,"" "",""""))))-1),Excepciones!$A:$B,2,0)>=0,IFERROR(INDEX(FILTER(Precios!$D:$D,(Precios!$A:$A<=$I10)*(Precios!$B:$B>=$I10)"&"*(Precios!$C:$C=T$37)),1)*(IF($K$10=""Sí"",0.94,1)),""""),"""")=0,"""",IF(COUNT($I$6:$I$13)>3,0.9,1)*IF(VLOOKUP(LEFT(T$37,SEARCH(""☃"",SUBSTITUTE(T$37,"" "",""☃"",LEN(T$37)-LEN(SUBSTITUTE(T$37,"" "",""""))))-1),Excepciones!$A:$B,2,0)>=0,IFERROR(INDEX(FILT"&"ER(Precios!$D:$D,(Precios!$A:$A<=$I10)*(Precios!$B:$B>=$I10)*(Precios!$C:$C=T$37)),1)*(IF($K$10=""Sí"",0.94,1)),""""),"""")),"""") "),"") | U61: =IFERROR(__xludf.DUMMYFUNCTION("IFERROR(IF(IF(COUNT($I$6:$I$13)>=3,0.9,1)*IF(VLOOKUP(LEFT(U$37,SEARCH(""☃"",SUBSTITUTE(U$37,"" "",""☃"",LEN(U$37)-LEN(SUBSTITUTE(U$37,"" "",""""))))-1),Excepciones!$A:$B,2,0)>=0,IFERROR(INDEX(FILTER(Precios!$D:$D,(Precios!$A:$A<=$I10)*(Precios!$B:$B>=$I10"&")*(Precios!$C:$C=U$37)),1)*(IF($K$10=""Sí"",0.94,1)),""""),"""")=0,"""",IF(COUNT($I$6:$I$13)>=3,0.9,1)*IF(VLOOKUP(LEFT(U$37,SEARCH(""☃"",SUBSTITUTE(U$37,"" "",""☃"",LEN(U$37)-LEN(SUBSTITUTE(U$37,"" "",""""))))-1),Excepciones!$A:$B,2,0)>=0,IFERROR(INDEX(FI"&"LTER(Precios!$D:$D,(Precios!$A:$A<=$I10)*(Precios!$B:$B>=$I10)*(Precios!$C:$C=U$37)),1)*(IF($K$10=""Sí"",0.94,1)),""""),"""")),"""") "),"") | W61: =IFERROR(__xludf.DUMMYFUNCTION("IFERROR(IF($I10="""","""",IF(VLOOKUP(LEFT(W$37,SEARCH(""☃"",SUBSTITUTE(W$37,"" "",""☃"",LEN(W$37)-LEN(SUBSTITUTE(W$37,"" "",""""))))-1),Excepciones!$A:$B,2,0)>=0,IFERROR(INDEX(filter(Precios!$D:$D,(Precios!$A:$A<=$I10)*(Precios!$B:$B>=$I10)*(Precios!$C:$C"&"=W$37)),1)*1,""""),"""")),"""")"),"") | Y61: =IFERROR(__xludf.DUMMYFUNCTION("IFERROR(IF($I10="""","""",IF(VLOOKUP(LEFT(Y$37,SEARCH(""☃"",SUBSTITUTE(Y$37,"" "",""☃"",LEN(Y$37)-LEN(SUBSTITUTE(Y$37,"" "",""""))))-1),Excepciones!$A:$B,2,0)>=0,IFERROR(INDEX(filter(Precios!$D:$D,(Precios!$A:$A<=$I10)*(Precios!$B:$B>=$I10)*(Precios!$C:$C"&"=Y$37)),1)*1,""No asegurable""),""No asegurable"")),"""")"),"") | Z61: =IFERROR(__xludf.DUMMYFUNCTION("IFERROR(IF($I10="""","""",IF(VLOOKUP(LEFT(Z$37,SEARCH(""☃"",SUBSTITUTE(Z$37,"" "",""☃"",LEN(Z$37)-LEN(SUBSTITUTE(Z$37,"" "",""""))))-1),Excepciones!$A:$B,2,0)>=0,IFERROR(INDEX(filter(Precios!$D:$D,(Precios!$A:$A<=$I10)*(Precios!$B:$B>=$I10)*(Precios!$C:$C"&"=Z$37)),1)*1,""No asegurable""),""No asegurable"")),"""")"),"") | AA61: =IFERROR(__xludf.DUMMYFUNCTION("IFERROR(IF($I10="""","""",IF(VLOOKUP(LEFT(AA$37,SEARCH(""☃"",SUBSTITUTE(AA$37,"" "",""☃"",LEN(AA$37)-LEN(SUBSTITUTE(AA$37,"" "",""""))))-1),Excepciones!$A:$B,2,0)>=0,IFERROR(INDEX(filter(Precios!$D:$D,(Precios!$A:$A<=$I10)*(Precios!$B:$B>=$I10)*(Precios!$"&"C:$C=AA$37)),1)*1,""No asegurable""),""No asegurable"")),"""")"),"") | AB61: =IFERROR(__xludf.DUMMYFUNCTION("IFERROR(IF($I10="""","""",IF(VLOOKUP(LEFT(AB$37,SEARCH(""☃"",SUBSTITUTE(AB$37,"" "",""☃"",LEN(AB$37)-LEN(SUBSTITUTE(AB$37,"" "",""""))))-1),Excepciones!$A:$B,2,0)>=0,IFERROR(INDEX(filter(Precios!$D:$D,(Precios!$A:$A<=$I10)*(Precios!$B:$B>=$I10)*(Precios!$"&"C:$C=AB$37)),1)*1,""No asegurable""),""No asegurable"")),"""")"),"") | AC61: =IFERROR(__xludf.DUMMYFUNCTION("IFERROR(IF($I10="""","""",IF(VLOOKUP(LEFT(AC$37,SEARCH(""☃"",SUBSTITUTE(AC$37,"" "",""☃"",LEN(AC$37)-LEN(SUBSTITUTE(AC$37,"" "",""""))))-1),Excepciones!$A:$B,2,0)>=0,IFERROR(INDEX(filter(Precios!$D:$D,(Precios!$A:$A<=$I10)*(Precios!$B:$B>=$I10)*(Precios!$"&"C:$C=AC$37)),1)*1,""No asegurable""),""No asegurable"")),"""")"),"")
L62: 6 | N62: =IFERROR(__xludf.DUMMYFUNCTION("IFERROR(IF($I11="""","""",IF($K$8>0,"""",IF(COUNT($I$6:$I$13)>1,0.9,1)*IF(VLOOKUP(LEFT(N$37,SEARCH(""☃"",SUBSTITUTE(N$37,"" "",""☃"",LEN(N$37)-LEN(SUBSTITUTE(N$37,"" "",""""))))-1),Excepciones!$A:$B,2,0)>=0,IFERROR(INDEX(FILTER(Precios!$D:$D,(Precios!$A:$"&"A<=$I11)*(Precios!$B:$B>=$I11)*(Precios!$C:$C=N$37)),1)*(1-$K$6),""No asegurable""),""No asegurable""))),"""") "),"") | O62: =IFERROR(__xludf.DUMMYFUNCTION("IFERROR(IF(IF(COUNT($I$6:$I$13)>3,0.9,1)*IF(VLOOKUP(LEFT(O$37,SEARCH(""☃"",SUBSTITUTE(O$37,"" "",""☃"",LEN(O$37)-LEN(SUBSTITUTE(O$37,"" "",""""))))-1),Excepciones!$A:$B,2,0)>=0,IFERROR(INDEX(FILTER(Precios!$D:$D,(Precios!$A:$A<=$I11)*(Precios!$B:$B>=$I11)"&"*(Precios!$C:$C=O$37)),1)*(IF($K$10=""Sí"",0.94,1)),""""),"""")=0,"""",IF(COUNT($I$6:$I$13)>3,0.9,1)*IF(VLOOKUP(LEFT(O$37,SEARCH(""☃"",SUBSTITUTE(O$37,"" "",""☃"",LEN(O$37)-LEN(SUBSTITUTE(O$37,"" "",""""))))-1),Excepciones!$A:$B,2,0)>=0,IFERROR(INDEX(FILT"&"ER(Precios!$D:$D,(Precios!$A:$A<=$I11)*(Precios!$B:$B>=$I11)*(Precios!$C:$C=O$37)),1)*(IF($K$10=""Sí"",0.94,1)),""""),"""")),"""") "),"") | Q62: =IFERROR(__xludf.DUMMYFUNCTION("IFERROR(IF(IF(COUNT($I$6:$I$13)>3,0.9,1)*IF(VLOOKUP(LEFT(Q$37,SEARCH(""☃"",SUBSTITUTE(Q$37,"" "",""☃"",LEN(Q$37)-LEN(SUBSTITUTE(Q$37,"" "",""""))))-1),Excepciones!$A:$B,2,0)>=0,IFERROR(INDEX(FILTER(Precios!$D:$D,(Precios!$A:$A<=$I11)*(Precios!$B:$B>=$I11)"&"*(Precios!$C:$C=Q$37)),1)*(IF($K$10=""Sí"",0.94,1)),""""),"""")=0,"""",IF(COUNT($I$6:$I$13)>3,0.9,1)*IF(VLOOKUP(LEFT(Q$37,SEARCH(""☃"",SUBSTITUTE(Q$37,"" "",""☃"",LEN(Q$37)-LEN(SUBSTITUTE(Q$37,"" "",""""))))-1),Excepciones!$A:$B,2,0)>=0,IFERROR(INDEX(FILT"&"ER(Precios!$D:$D,(Precios!$A:$A<=$I11)*(Precios!$B:$B>=$I11)*(Precios!$C:$C=Q$37)),1)*(IF($K$10=""Sí"",0.94,1)),""""),"""")),"""") "),"") | R62: =IFERROR(__xludf.DUMMYFUNCTION("IFERROR(IF(IF(COUNT($I$6:$I$13)>3,0.9,1)*IF(VLOOKUP(LEFT(R$37,SEARCH(""☃"",SUBSTITUTE(R$37,"" "",""☃"",LEN(R$37)-LEN(SUBSTITUTE(R$37,"" "",""""))))-1),Excepciones!$A:$B,2,0)>=0,IFERROR(INDEX(FILTER(Precios!$D:$D,(Precios!$A:$A<=$I11)*(Precios!$B:$B>=$I11)"&"*(Precios!$C:$C=R$37)),1)*(IF($K$10=""Sí"",0.94,1)),""""),"""")=0,"""",IF(COUNT($I$6:$I$13)>3,0.9,1)*IF(VLOOKUP(LEFT(R$37,SEARCH(""☃"",SUBSTITUTE(R$37,"" "",""☃"",LEN(R$37)-LEN(SUBSTITUTE(R$37,"" "",""""))))-1),Excepciones!$A:$B,2,0)>=0,IFERROR(INDEX(FILT"&"ER(Precios!$D:$D,(Precios!$A:$A<=$I11)*(Precios!$B:$B>=$I11)*(Precios!$C:$C=R$37)),1)*(IF($K$10=""Sí"",0.94,1)),""""),"""")),"""") "),"") | T62: =IFERROR(__xludf.DUMMYFUNCTION("IFERROR(IF(IF(COUNT($I$6:$I$13)>3,0.9,1)*IF(VLOOKUP(LEFT(T$37,SEARCH(""☃"",SUBSTITUTE(T$37,"" "",""☃"",LEN(T$37)-LEN(SUBSTITUTE(T$37,"" "",""""))))-1),Excepciones!$A:$B,2,0)>=0,IFERROR(INDEX(FILTER(Precios!$D:$D,(Precios!$A:$A<=$I11)*(Precios!$B:$B>=$I11)"&"*(Precios!$C:$C=T$37)),1)*(IF($K$10=""Sí"",0.94,1)),""""),"""")=0,"""",IF(COUNT($I$6:$I$13)>3,0.9,1)*IF(VLOOKUP(LEFT(T$37,SEARCH(""☃"",SUBSTITUTE(T$37,"" "",""☃"",LEN(T$37)-LEN(SUBSTITUTE(T$37,"" "",""""))))-1),Excepciones!$A:$B,2,0)>=0,IFERROR(INDEX(FILT"&"ER(Precios!$D:$D,(Precios!$A:$A<=$I11)*(Precios!$B:$B>=$I11)*(Precios!$C:$C=T$37)),1)*(IF($K$10=""Sí"",0.94,1)),""""),"""")),"""") "),"") | U62: =IFERROR(__xludf.DUMMYFUNCTION("IFERROR(IF(IF(COUNT($I$6:$I$13)>=3,0.9,1)*IF(VLOOKUP(LEFT(U$37,SEARCH(""☃"",SUBSTITUTE(U$37,"" "",""☃"",LEN(U$37)-LEN(SUBSTITUTE(U$37,"" "",""""))))-1),Excepciones!$A:$B,2,0)>=0,IFERROR(INDEX(FILTER(Precios!$D:$D,(Precios!$A:$A<=$I11)*(Precios!$B:$B>=$I11"&")*(Precios!$C:$C=U$37)),1)*(IF($K$10=""Sí"",0.94,1)),""""),"""")=0,"""",IF(COUNT($I$6:$I$13)>=3,0.9,1)*IF(VLOOKUP(LEFT(U$37,SEARCH(""☃"",SUBSTITUTE(U$37,"" "",""☃"",LEN(U$37)-LEN(SUBSTITUTE(U$37,"" "",""""))))-1),Excepciones!$A:$B,2,0)>=0,IFERROR(INDEX(FI"&"LTER(Precios!$D:$D,(Precios!$A:$A<=$I11)*(Precios!$B:$B>=$I11)*(Precios!$C:$C=U$37)),1)*(IF($K$10=""Sí"",0.94,1)),""""),"""")),"""") "),"") | W62: =IFERROR(__xludf.DUMMYFUNCTION("IFERROR(IF($I11="""","""",IF(VLOOKUP(LEFT(W$37,SEARCH(""☃"",SUBSTITUTE(W$37,"" "",""☃"",LEN(W$37)-LEN(SUBSTITUTE(W$37,"" "",""""))))-1),Excepciones!$A:$B,2,0)>=0,IFERROR(INDEX(filter(Precios!$D:$D,(Precios!$A:$A<=$I11)*(Precios!$B:$B>=$I11)*(Precios!$C:$C"&"=W$37)),1)*1,""""),"""")),"""")"),"") | Y62: =IFERROR(__xludf.DUMMYFUNCTION("IFERROR(IF($I11="""","""",IF(VLOOKUP(LEFT(Y$37,SEARCH(""☃"",SUBSTITUTE(Y$37,"" "",""☃"",LEN(Y$37)-LEN(SUBSTITUTE(Y$37,"" "",""""))))-1),Excepciones!$A:$B,2,0)>=0,IFERROR(INDEX(filter(Precios!$D:$D,(Precios!$A:$A<=$I11)*(Precios!$B:$B>=$I11)*(Precios!$C:$C"&"=Y$37)),1)*1,""No asegurable""),""No asegurable"")),"""")"),"") | Z62: =IFERROR(__xludf.DUMMYFUNCTION("IFERROR(IF($I11="""","""",IF(VLOOKUP(LEFT(Z$37,SEARCH(""☃"",SUBSTITUTE(Z$37,"" "",""☃"",LEN(Z$37)-LEN(SUBSTITUTE(Z$37,"" "",""""))))-1),Excepciones!$A:$B,2,0)>=0,IFERROR(INDEX(filter(Precios!$D:$D,(Precios!$A:$A<=$I11)*(Precios!$B:$B>=$I11)*(Precios!$C:$C"&"=Z$37)),1)*1,""No asegurable""),""No asegurable"")),"""")"),"") | AA62: =IFERROR(__xludf.DUMMYFUNCTION("IFERROR(IF($I11="""","""",IF(VLOOKUP(LEFT(AA$37,SEARCH(""☃"",SUBSTITUTE(AA$37,"" "",""☃"",LEN(AA$37)-LEN(SUBSTITUTE(AA$37,"" "",""""))))-1),Excepciones!$A:$B,2,0)>=0,IFERROR(INDEX(filter(Precios!$D:$D,(Precios!$A:$A<=$I11)*(Precios!$B:$B>=$I11)*(Precios!$"&"C:$C=AA$37)),1)*1,""No asegurable""),""No asegurable"")),"""")"),"") | AB62: =IFERROR(__xludf.DUMMYFUNCTION("IFERROR(IF($I11="""","""",IF(VLOOKUP(LEFT(AB$37,SEARCH(""☃"",SUBSTITUTE(AB$37,"" "",""☃"",LEN(AB$37)-LEN(SUBSTITUTE(AB$37,"" "",""""))))-1),Excepciones!$A:$B,2,0)>=0,IFERROR(INDEX(filter(Precios!$D:$D,(Precios!$A:$A<=$I11)*(Precios!$B:$B>=$I11)*(Precios!$"&"C:$C=AB$37)),1)*1,""No asegurable""),""No asegurable"")),"""")"),"") | AC62: =IFERROR(__xludf.DUMMYFUNCTION("IFERROR(IF($I11="""","""",IF(VLOOKUP(LEFT(AC$37,SEARCH(""☃"",SUBSTITUTE(AC$37,"" "",""☃"",LEN(AC$37)-LEN(SUBSTITUTE(AC$37,"" "",""""))))-1),Excepciones!$A:$B,2,0)>=0,IFERROR(INDEX(filter(Precios!$D:$D,(Precios!$A:$A<=$I11)*(Precios!$B:$B>=$I11)*(Precios!$"&"C:$C=AC$37)),1)*1,""No asegurable""),""No asegurable"")),"""")"),"")
L63: 7 | N63: =IFERROR(__xludf.DUMMYFUNCTION("IFERROR(IF($I12="""","""",IF($K$8>0,"""",IF(COUNT($I$6:$I$13)>1,0.9,1)*IF(VLOOKUP(LEFT(N$37,SEARCH(""☃"",SUBSTITUTE(N$37,"" "",""☃"",LEN(N$37)-LEN(SUBSTITUTE(N$37,"" "",""""))))-1),Excepciones!$A:$B,2,0)>=0,IFERROR(INDEX(FILTER(Precios!$D:$D,(Precios!$A:$"&"A<=$I12)*(Precios!$B:$B>=$I12)*(Precios!$C:$C=N$37)),1)*(1-$K$6),""No asegurable""),""No asegurable""))),"""") "),"") | O63: =IFERROR(__xludf.DUMMYFUNCTION("IFERROR(IF(IF(COUNT($I$6:$I$13)>3,0.9,1)*IF(VLOOKUP(LEFT(O$37,SEARCH(""☃"",SUBSTITUTE(O$37,"" "",""☃"",LEN(O$37)-LEN(SUBSTITUTE(O$37,"" "",""""))))-1),Excepciones!$A:$B,2,0)>=0,IFERROR(INDEX(FILTER(Precios!$D:$D,(Precios!$A:$A<=$I12)*(Precios!$B:$B>=$I12)"&"*(Precios!$C:$C=O$37)),1)*(IF($K$10=""Sí"",0.94,1)),""""),"""")=0,"""",IF(COUNT($I$6:$I$13)>3,0.9,1)*IF(VLOOKUP(LEFT(O$37,SEARCH(""☃"",SUBSTITUTE(O$37,"" "",""☃"",LEN(O$37)-LEN(SUBSTITUTE(O$37,"" "",""""))))-1),Excepciones!$A:$B,2,0)>=0,IFERROR(INDEX(FILT"&"ER(Precios!$D:$D,(Precios!$A:$A<=$I12)*(Precios!$B:$B>=$I12)*(Precios!$C:$C=O$37)),1)*(IF($K$10=""Sí"",0.94,1)),""""),"""")),"""") "),"") | Q63: =IFERROR(__xludf.DUMMYFUNCTION("IFERROR(IF(IF(COUNT($I$6:$I$13)>3,0.9,1)*IF(VLOOKUP(LEFT(Q$37,SEARCH(""☃"",SUBSTITUTE(Q$37,"" "",""☃"",LEN(Q$37)-LEN(SUBSTITUTE(Q$37,"" "",""""))))-1),Excepciones!$A:$B,2,0)>=0,IFERROR(INDEX(FILTER(Precios!$D:$D,(Precios!$A:$A<=$I12)*(Precios!$B:$B>=$I12)"&"*(Precios!$C:$C=Q$37)),1)*(IF($K$10=""Sí"",0.94,1)),""""),"""")=0,"""",IF(COUNT($I$6:$I$13)>3,0.9,1)*IF(VLOOKUP(LEFT(Q$37,SEARCH(""☃"",SUBSTITUTE(Q$37,"" "",""☃"",LEN(Q$37)-LEN(SUBSTITUTE(Q$37,"" "",""""))))-1),Excepciones!$A:$B,2,0)>=0,IFERROR(INDEX(FILT"&"ER(Precios!$D:$D,(Precios!$A:$A<=$I12)*(Precios!$B:$B>=$I12)*(Precios!$C:$C=Q$37)),1)*(IF($K$10=""Sí"",0.94,1)),""""),"""")),"""") "),"") | R63: =IFERROR(__xludf.DUMMYFUNCTION("IFERROR(IF(IF(COUNT($I$6:$I$13)>3,0.9,1)*IF(VLOOKUP(LEFT(R$37,SEARCH(""☃"",SUBSTITUTE(R$37,"" "",""☃"",LEN(R$37)-LEN(SUBSTITUTE(R$37,"" "",""""))))-1),Excepciones!$A:$B,2,0)>=0,IFERROR(INDEX(FILTER(Precios!$D:$D,(Precios!$A:$A<=$I12)*(Precios!$B:$B>=$I12)"&"*(Precios!$C:$C=R$37)),1)*(IF($K$10=""Sí"",0.94,1)),""""),"""")=0,"""",IF(COUNT($I$6:$I$13)>3,0.9,1)*IF(VLOOKUP(LEFT(R$37,SEARCH(""☃"",SUBSTITUTE(R$37,"" "",""☃"",LEN(R$37)-LEN(SUBSTITUTE(R$37,"" "",""""))))-1),Excepciones!$A:$B,2,0)>=0,IFERROR(INDEX(FILT"&"ER(Precios!$D:$D,(Precios!$A:$A<=$I12)*(Precios!$B:$B>=$I12)*(Precios!$C:$C=R$37)),1)*(IF($K$10=""Sí"",0.94,1)),""""),"""")),"""") "),"") | T63: =IFERROR(__xludf.DUMMYFUNCTION("IFERROR(IF(IF(COUNT($I$6:$I$13)>3,0.9,1)*IF(VLOOKUP(LEFT(T$37,SEARCH(""☃"",SUBSTITUTE(T$37,"" "",""☃"",LEN(T$37)-LEN(SUBSTITUTE(T$37,"" "",""""))))-1),Excepciones!$A:$B,2,0)>=0,IFERROR(INDEX(FILTER(Precios!$D:$D,(Precios!$A:$A<=$I12)*(Precios!$B:$B>=$I12)"&"*(Precios!$C:$C=T$37)),1)*(IF($K$10=""Sí"",0.94,1)),""""),"""")=0,"""",IF(COUNT($I$6:$I$13)>3,0.9,1)*IF(VLOOKUP(LEFT(T$37,SEARCH(""☃"",SUBSTITUTE(T$37,"" "",""☃"",LEN(T$37)-LEN(SUBSTITUTE(T$37,"" "",""""))))-1),Excepciones!$A:$B,2,0)>=0,IFERROR(INDEX(FILT"&"ER(Precios!$D:$D,(Precios!$A:$A<=$I12)*(Precios!$B:$B>=$I12)*(Precios!$C:$C=T$37)),1)*(IF($K$10=""Sí"",0.94,1)),""""),"""")),"""") "),"") | U63: =IFERROR(__xludf.DUMMYFUNCTION("IFERROR(IF(IF(COUNT($I$6:$I$13)>=3,0.9,1)*IF(VLOOKUP(LEFT(U$37,SEARCH(""☃"",SUBSTITUTE(U$37,"" "",""☃"",LEN(U$37)-LEN(SUBSTITUTE(U$37,"" "",""""))))-1),Excepciones!$A:$B,2,0)>=0,IFERROR(INDEX(FILTER(Precios!$D:$D,(Precios!$A:$A<=$I12)*(Precios!$B:$B>=$I12"&")*(Precios!$C:$C=U$37)),1)*(IF($K$10=""Sí"",0.94,1)),""""),"""")=0,"""",IF(COUNT($I$6:$I$13)>=3,0.9,1)*IF(VLOOKUP(LEFT(U$37,SEARCH(""☃"",SUBSTITUTE(U$37,"" "",""☃"",LEN(U$37)-LEN(SUBSTITUTE(U$37,"" "",""""))))-1),Excepciones!$A:$B,2,0)>=0,IFERROR(INDEX(FI"&"LTER(Precios!$D:$D,(Precios!$A:$A<=$I12)*(Precios!$B:$B>=$I12)*(Precios!$C:$C=U$37)),1)*(IF($K$10=""Sí"",0.94,1)),""""),"""")),"""") "),"") | W63: =IFERROR(__xludf.DUMMYFUNCTION("IFERROR(IF($I12="""","""",IF(VLOOKUP(LEFT(W$37,SEARCH(""☃"",SUBSTITUTE(W$37,"" "",""☃"",LEN(W$37)-LEN(SUBSTITUTE(W$37,"" "",""""))))-1),Excepciones!$A:$B,2,0)>=0,IFERROR(INDEX(filter(Precios!$D:$D,(Precios!$A:$A<=$I12)*(Precios!$B:$B>=$I12)*(Precios!$C:$C"&"=W$37)),1)*1,""""),"""")),"""")"),"") | Y63: =IFERROR(__xludf.DUMMYFUNCTION("IFERROR(IF($I12="""","""",IF(VLOOKUP(LEFT(Y$37,SEARCH(""☃"",SUBSTITUTE(Y$37,"" "",""☃"",LEN(Y$37)-LEN(SUBSTITUTE(Y$37,"" "",""""))))-1),Excepciones!$A:$B,2,0)>=0,IFERROR(INDEX(filter(Precios!$D:$D,(Precios!$A:$A<=$I12)*(Precios!$B:$B>=$I12)*(Precios!$C:$C"&"=Y$37)),1)*1,""No asegurable""),""No asegurable"")),"""")"),"") | Z63: =IFERROR(__xludf.DUMMYFUNCTION("IFERROR(IF($I12="""","""",IF(VLOOKUP(LEFT(Z$37,SEARCH(""☃"",SUBSTITUTE(Z$37,"" "",""☃"",LEN(Z$37)-LEN(SUBSTITUTE(Z$37,"" "",""""))))-1),Excepciones!$A:$B,2,0)>=0,IFERROR(INDEX(filter(Precios!$D:$D,(Precios!$A:$A<=$I12)*(Precios!$B:$B>=$I12)*(Precios!$C:$C"&"=Z$37)),1)*1,""No asegurable""),""No asegurable"")),"""")"),"") | AA63: =IFERROR(__xludf.DUMMYFUNCTION("IFERROR(IF($I12="""","""",IF(VLOOKUP(LEFT(AA$37,SEARCH(""☃"",SUBSTITUTE(AA$37,"" "",""☃"",LEN(AA$37)-LEN(SUBSTITUTE(AA$37,"" "",""""))))-1),Excepciones!$A:$B,2,0)>=0,IFERROR(INDEX(filter(Precios!$D:$D,(Precios!$A:$A<=$I12)*(Precios!$B:$B>=$I12)*(Precios!$"&"C:$C=AA$37)),1)*1,""No asegurable""),""No asegurable"")),"""")"),"") | AB63: =IFERROR(__xludf.DUMMYFUNCTION("IFERROR(IF($I12="""","""",IF(VLOOKUP(LEFT(AB$37,SEARCH(""☃"",SUBSTITUTE(AB$37,"" "",""☃"",LEN(AB$37)-LEN(SUBSTITUTE(AB$37,"" "",""""))))-1),Excepciones!$A:$B,2,0)>=0,IFERROR(INDEX(filter(Precios!$D:$D,(Precios!$A:$A<=$I12)*(Precios!$B:$B>=$I12)*(Precios!$"&"C:$C=AB$37)),1)*1,""No asegurable""),""No asegurable"")),"""")"),"") | AC63: =IFERROR(__xludf.DUMMYFUNCTION("IFERROR(IF($I12="""","""",IF(VLOOKUP(LEFT(AC$37,SEARCH(""☃"",SUBSTITUTE(AC$37,"" "",""☃"",LEN(AC$37)-LEN(SUBSTITUTE(AC$37,"" "",""""))))-1),Excepciones!$A:$B,2,0)>=0,IFERROR(INDEX(filter(Precios!$D:$D,(Precios!$A:$A<=$I12)*(Precios!$B:$B>=$I12)*(Precios!$"&"C:$C=AC$37)),1)*1,""No asegurable""),""No asegurable"")),"""")"),"")
L64: 8 | N64: =IFERROR(__xludf.DUMMYFUNCTION("IFERROR(IF($I13="""","""",IF($K$8>0,"""",IF(COUNT($I$6:$I$13)>1,0.9,1)*IF(VLOOKUP(LEFT(N$37,SEARCH(""☃"",SUBSTITUTE(N$37,"" "",""☃"",LEN(N$37)-LEN(SUBSTITUTE(N$37,"" "",""""))))-1),Excepciones!$A:$B,2,0)>=0,IFERROR(INDEX(FILTER(Precios!$D:$D,(Precios!$A:$"&"A<=$I13)*(Precios!$B:$B>=$I13)*(Precios!$C:$C=N$37)),1)*(1-$K$6),""No asegurable""),""No asegurable""))),"""") "),"") | O64: =IFERROR(__xludf.DUMMYFUNCTION("IFERROR(IF(IF(COUNT($I$6:$I$13)>3,0.9,1)*IF(VLOOKUP(LEFT(O$37,SEARCH(""☃"",SUBSTITUTE(O$37,"" "",""☃"",LEN(O$37)-LEN(SUBSTITUTE(O$37,"" "",""""))))-1),Excepciones!$A:$B,2,0)>=0,IFERROR(INDEX(FILTER(Precios!$D:$D,(Precios!$A:$A<=$I13)*(Precios!$B:$B>=$I13)"&"*(Precios!$C:$C=O$37)),1)*(IF($K$10=""Sí"",0.94,1)),""""),"""")=0,"""",IF(COUNT($I$6:$I$13)>3,0.9,1)*IF(VLOOKUP(LEFT(O$37,SEARCH(""☃"",SUBSTITUTE(O$37,"" "",""☃"",LEN(O$37)-LEN(SUBSTITUTE(O$37,"" "",""""))))-1),Excepciones!$A:$B,2,0)>=0,IFERROR(INDEX(FILT"&"ER(Precios!$D:$D,(Precios!$A:$A<=$I13)*(Precios!$B:$B>=$I13)*(Precios!$C:$C=O$37)),1)*(IF($K$10=""Sí"",0.94,1)),""""),"""")),"""") "),"") | Q64: =IFERROR(__xludf.DUMMYFUNCTION("IFERROR(IF(IF(COUNT($I$6:$I$13)>3,0.9,1)*IF(VLOOKUP(LEFT(Q$37,SEARCH(""☃"",SUBSTITUTE(Q$37,"" "",""☃"",LEN(Q$37)-LEN(SUBSTITUTE(Q$37,"" "",""""))))-1),Excepciones!$A:$B,2,0)>=0,IFERROR(INDEX(FILTER(Precios!$D:$D,(Precios!$A:$A<=$I13)*(Precios!$B:$B>=$I13)"&"*(Precios!$C:$C=Q$37)),1)*(IF($K$10=""Sí"",0.94,1)),""""),"""")=0,"""",IF(COUNT($I$6:$I$13)>3,0.9,1)*IF(VLOOKUP(LEFT(Q$37,SEARCH(""☃"",SUBSTITUTE(Q$37,"" "",""☃"",LEN(Q$37)-LEN(SUBSTITUTE(Q$37,"" "",""""))))-1),Excepciones!$A:$B,2,0)>=0,IFERROR(INDEX(FILT"&"ER(Precios!$D:$D,(Precios!$A:$A<=$I13)*(Precios!$B:$B>=$I13)*(Precios!$C:$C=Q$37)),1)*(IF($K$10=""Sí"",0.94,1)),""""),"""")),"""") "),"") | R64: =IFERROR(__xludf.DUMMYFUNCTION("IFERROR(IF(IF(COUNT($I$6:$I$13)>3,0.9,1)*IF(VLOOKUP(LEFT(R$37,SEARCH(""☃"",SUBSTITUTE(R$37,"" "",""☃"",LEN(R$37)-LEN(SUBSTITUTE(R$37,"" "",""""))))-1),Excepciones!$A:$B,2,0)>=0,IFERROR(INDEX(FILTER(Precios!$D:$D,(Precios!$A:$A<=$I13)*(Precios!$B:$B>=$I13)"&"*(Precios!$C:$C=R$37)),1)*(IF($K$10=""Sí"",0.94,1)),""""),"""")=0,"""",IF(COUNT($I$6:$I$13)>3,0.9,1)*IF(VLOOKUP(LEFT(R$37,SEARCH(""☃"",SUBSTITUTE(R$37,"" "",""☃"",LEN(R$37)-LEN(SUBSTITUTE(R$37,"" "",""""))))-1),Excepciones!$A:$B,2,0)>=0,IFERROR(INDEX(FILT"&"ER(Precios!$D:$D,(Precios!$A:$A<=$I13)*(Precios!$B:$B>=$I13)*(Precios!$C:$C=R$37)),1)*(IF($K$10=""Sí"",0.94,1)),""""),"""")),"""") "),"") | T64: =IFERROR(__xludf.DUMMYFUNCTION("IFERROR(IF(IF(COUNT($I$6:$I$13)>3,0.9,1)*IF(VLOOKUP(LEFT(T$37,SEARCH(""☃"",SUBSTITUTE(T$37,"" "",""☃"",LEN(T$37)-LEN(SUBSTITUTE(T$37,"" "",""""))))-1),Excepciones!$A:$B,2,0)>=0,IFERROR(INDEX(FILTER(Precios!$D:$D,(Precios!$A:$A<=$I13)*(Precios!$B:$B>=$I13)"&"*(Precios!$C:$C=T$37)),1)*(IF($K$10=""Sí"",0.94,1)),""""),"""")=0,"""",IF(COUNT($I$6:$I$13)>3,0.9,1)*IF(VLOOKUP(LEFT(T$37,SEARCH(""☃"",SUBSTITUTE(T$37,"" "",""☃"",LEN(T$37)-LEN(SUBSTITUTE(T$37,"" "",""""))))-1),Excepciones!$A:$B,2,0)>=0,IFERROR(INDEX(FILT"&"ER(Precios!$D:$D,(Precios!$A:$A<=$I13)*(Precios!$B:$B>=$I13)*(Precios!$C:$C=T$37)),1)*(IF($K$10=""Sí"",0.94,1)),""""),"""")),"""") "),"") | U64: =IFERROR(__xludf.DUMMYFUNCTION("IFERROR(IF(IF(COUNT($I$6:$I$13)>=3,0.9,1)*IF(VLOOKUP(LEFT(U$37,SEARCH(""☃"",SUBSTITUTE(U$37,"" "",""☃"",LEN(U$37)-LEN(SUBSTITUTE(U$37,"" "",""""))))-1),Excepciones!$A:$B,2,0)>=0,IFERROR(INDEX(FILTER(Precios!$D:$D,(Precios!$A:$A<=$I13)*(Precios!$B:$B>=$I13"&")*(Precios!$C:$C=U$37)),1)*(IF($K$10=""Sí"",0.94,1)),""""),"""")=0,"""",IF(COUNT($I$6:$I$13)>=3,0.9,1)*IF(VLOOKUP(LEFT(U$37,SEARCH(""☃"",SUBSTITUTE(U$37,"" "",""☃"",LEN(U$37)-LEN(SUBSTITUTE(U$37,"" "",""""))))-1),Excepciones!$A:$B,2,0)>=0,IFERROR(INDEX(FI"&"LTER(Precios!$D:$D,(Precios!$A:$A<=$I13)*(Precios!$B:$B>=$I13)*(Precios!$C:$C=U$37)),1)*(IF($K$10=""Sí"",0.94,1)),""""),"""")),"""") "),"") | W64: =IFERROR(__xludf.DUMMYFUNCTION("IFERROR(IF($I13="""","""",IF(VLOOKUP(LEFT(W$37,SEARCH(""☃"",SUBSTITUTE(W$37,"" "",""☃"",LEN(W$37)-LEN(SUBSTITUTE(W$37,"" "",""""))))-1),Excepciones!$A:$B,2,0)>=0,IFERROR(INDEX(filter(Precios!$D:$D,(Precios!$A:$A<=$I13)*(Precios!$B:$B>=$I13)*(Precios!$C:$C"&"=W$37)),1)*1,""""),"""")),"""")"),"") | Y64: =IFERROR(__xludf.DUMMYFUNCTION("IFERROR(IF($I13="""","""",IF(VLOOKUP(LEFT(Y$37,SEARCH(""☃"",SUBSTITUTE(Y$37,"" "",""☃"",LEN(Y$37)-LEN(SUBSTITUTE(Y$37,"" "",""""))))-1),Excepciones!$A:$B,2,0)>=0,IFERROR(INDEX(filter(Precios!$D:$D,(Precios!$A:$A<=$I13)*(Precios!$B:$B>=$I13)*(Precios!$C:$C"&"=Y$37)),1)*1,""No asegurable""),""No asegurable"")),"""")"),"") | Z64: =IFERROR(__xludf.DUMMYFUNCTION("IFERROR(IF($I13="""","""",IF(VLOOKUP(LEFT(Z$37,SEARCH(""☃"",SUBSTITUTE(Z$37,"" "",""☃"",LEN(Z$37)-LEN(SUBSTITUTE(Z$37,"" "",""""))))-1),Excepciones!$A:$B,2,0)>=0,IFERROR(INDEX(filter(Precios!$D:$D,(Precios!$A:$A<=$I13)*(Precios!$B:$B>=$I13)*(Precios!$C:$C"&"=Z$37)),1)*1,""No asegurable""),""No asegurable"")),"""")"),"") | AA64: =IFERROR(__xludf.DUMMYFUNCTION("IFERROR(IF($I13="""","""",IF(VLOOKUP(LEFT(AA$37,SEARCH(""☃"",SUBSTITUTE(AA$37,"" "",""☃"",LEN(AA$37)-LEN(SUBSTITUTE(AA$37,"" "",""""))))-1),Excepciones!$A:$B,2,0)>=0,IFERROR(INDEX(filter(Precios!$D:$D,(Precios!$A:$A<=$I13)*(Precios!$B:$B>=$I13)*(Precios!$"&"C:$C=AA$37)),1)*1,""No asegurable""),""No asegurable"")),"""")"),"") | AB64: =IFERROR(__xludf.DUMMYFUNCTION("IFERROR(IF($I13="""","""",IF(VLOOKUP(LEFT(AB$37,SEARCH(""☃"",SUBSTITUTE(AB$37,"" "",""☃"",LEN(AB$37)-LEN(SUBSTITUTE(AB$37,"" "",""""))))-1),Excepciones!$A:$B,2,0)>=0,IFERROR(INDEX(filter(Precios!$D:$D,(Precios!$A:$A<=$I13)*(Precios!$B:$B>=$I13)*(Precios!$"&"C:$C=AB$37)),1)*1,""No asegurable""),""No asegurable"")),"""")"),"") | AC64: =IFERROR(__xludf.DUMMYFUNCTION("IFERROR(IF($I13="""","""",IF(VLOOKUP(LEFT(AC$37,SEARCH(""☃"",SUBSTITUTE(AC$37,"" "",""☃"",LEN(AC$37)-LEN(SUBSTITUTE(AC$37,"" "",""""))))-1),Excepciones!$A:$B,2,0)>=0,IFERROR(INDEX(filter(Precios!$D:$D,(Precios!$A:$A<=$I13)*(Precios!$B:$B>=$I13)*(Precios!$"&"C:$C=AC$37)),1)*1,""No asegurable""),""No asegurable"")),"""")"),"")
L65: 9 | N65: =IFERROR(__xludf.DUMMYFUNCTION("IFERROR(IF($I14="""","""",IF($K$8>0,"""",IF(COUNT($I$6:$I$13)>1,0.9,1)*IF(VLOOKUP(LEFT(N$37,SEARCH(""☃"",SUBSTITUTE(N$37,"" "",""☃"",LEN(N$37)-LEN(SUBSTITUTE(N$37,"" "",""""))))-1),Excepciones!$A:$B,2,0)>=0,IFERROR(INDEX(FILTER(Precios!$D:$D,(Precios!$A:$"&"A<=$I14)*(Precios!$B:$B>=$I14)*(Precios!$C:$C=N$37)),1)*(1-$K$6),""No asegurable""),""No asegurable""))),"""") "),"") | O65: =IFERROR(__xludf.DUMMYFUNCTION("IFERROR(IF(IF(COUNT($I$6:$I$13)>3,0.9,1)*IF(VLOOKUP(LEFT(O$37,SEARCH(""☃"",SUBSTITUTE(O$37,"" "",""☃"",LEN(O$37)-LEN(SUBSTITUTE(O$37,"" "",""""))))-1),Excepciones!$A:$B,2,0)>=0,IFERROR(INDEX(FILTER(Precios!$D:$D,(Precios!$A:$A<=$I14)*(Precios!$B:$B>=$I14)"&"*(Precios!$C:$C=O$37)),1)*(IF($K$10=""Sí"",0.94,1)),""""),"""")=0,"""",IF(COUNT($I$6:$I$13)>3,0.9,1)*IF(VLOOKUP(LEFT(O$37,SEARCH(""☃"",SUBSTITUTE(O$37,"" "",""☃"",LEN(O$37)-LEN(SUBSTITUTE(O$37,"" "",""""))))-1),Excepciones!$A:$B,2,0)>=0,IFERROR(INDEX(FILT"&"ER(Precios!$D:$D,(Precios!$A:$A<=$I14)*(Precios!$B:$B>=$I14)*(Precios!$C:$C=O$37)),1)*(IF($K$10=""Sí"",0.94,1)),""""),"""")),"""") "),"") | Q65: =IFERROR(__xludf.DUMMYFUNCTION("IFERROR(IF(IF(COUNT($I$6:$I$13)>3,0.9,1)*IF(VLOOKUP(LEFT(Q$37,SEARCH(""☃"",SUBSTITUTE(Q$37,"" "",""☃"",LEN(Q$37)-LEN(SUBSTITUTE(Q$37,"" "",""""))))-1),Excepciones!$A:$B,2,0)>=0,IFERROR(INDEX(FILTER(Precios!$D:$D,(Precios!$A:$A<=$I14)*(Precios!$B:$B>=$I14)"&"*(Precios!$C:$C=Q$37)),1)*(IF($K$10=""Sí"",0.94,1)),""""),"""")=0,"""",IF(COUNT($I$6:$I$13)>3,0.9,1)*IF(VLOOKUP(LEFT(Q$37,SEARCH(""☃"",SUBSTITUTE(Q$37,"" "",""☃"",LEN(Q$37)-LEN(SUBSTITUTE(Q$37,"" "",""""))))-1),Excepciones!$A:$B,2,0)>=0,IFERROR(INDEX(FILT"&"ER(Precios!$D:$D,(Precios!$A:$A<=$I14)*(Precios!$B:$B>=$I14)*(Precios!$C:$C=Q$37)),1)*(IF($K$10=""Sí"",0.94,1)),""""),"""")),"""") "),"") | R65: =IFERROR(__xludf.DUMMYFUNCTION("IFERROR(IF(IF(COUNT($I$6:$I$13)>3,0.9,1)*IF(VLOOKUP(LEFT(R$37,SEARCH(""☃"",SUBSTITUTE(R$37,"" "",""☃"",LEN(R$37)-LEN(SUBSTITUTE(R$37,"" "",""""))))-1),Excepciones!$A:$B,2,0)>=0,IFERROR(INDEX(FILTER(Precios!$D:$D,(Precios!$A:$A<=$I14)*(Precios!$B:$B>=$I14)"&"*(Precios!$C:$C=R$37)),1)*(IF($K$10=""Sí"",0.94,1)),""""),"""")=0,"""",IF(COUNT($I$6:$I$13)>3,0.9,1)*IF(VLOOKUP(LEFT(R$37,SEARCH(""☃"",SUBSTITUTE(R$37,"" "",""☃"",LEN(R$37)-LEN(SUBSTITUTE(R$37,"" "",""""))))-1),Excepciones!$A:$B,2,0)>=0,IFERROR(INDEX(FILT"&"ER(Precios!$D:$D,(Precios!$A:$A<=$I14)*(Precios!$B:$B>=$I14)*(Precios!$C:$C=R$37)),1)*(IF($K$10=""Sí"",0.94,1)),""""),"""")),"""") "),"") | T65: =IFERROR(__xludf.DUMMYFUNCTION("IFERROR(IF(IF(COUNT($I$6:$I$13)>3,0.9,1)*IF(VLOOKUP(LEFT(T$37,SEARCH(""☃"",SUBSTITUTE(T$37,"" "",""☃"",LEN(T$37)-LEN(SUBSTITUTE(T$37,"" "",""""))))-1),Excepciones!$A:$B,2,0)>=0,IFERROR(INDEX(FILTER(Precios!$D:$D,(Precios!$A:$A<=$I14)*(Precios!$B:$B>=$I14)"&"*(Precios!$C:$C=T$37)),1)*(IF($K$10=""Sí"",0.94,1)),""""),"""")=0,"""",IF(COUNT($I$6:$I$13)>3,0.9,1)*IF(VLOOKUP(LEFT(T$37,SEARCH(""☃"",SUBSTITUTE(T$37,"" "",""☃"",LEN(T$37)-LEN(SUBSTITUTE(T$37,"" "",""""))))-1),Excepciones!$A:$B,2,0)>=0,IFERROR(INDEX(FILT"&"ER(Precios!$D:$D,(Precios!$A:$A<=$I14)*(Precios!$B:$B>=$I14)*(Precios!$C:$C=T$37)),1)*(IF($K$10=""Sí"",0.94,1)),""""),"""")),"""") "),"") | U65: =IFERROR(__xludf.DUMMYFUNCTION("IFERROR(IF(IF(COUNT($I$6:$I$13)>=3,0.9,1)*IF(VLOOKUP(LEFT(U$37,SEARCH(""☃"",SUBSTITUTE(U$37,"" "",""☃"",LEN(U$37)-LEN(SUBSTITUTE(U$37,"" "",""""))))-1),Excepciones!$A:$B,2,0)>=0,IFERROR(INDEX(FILTER(Precios!$D:$D,(Precios!$A:$A<=$I14)*(Precios!$B:$B>=$I14"&")*(Precios!$C:$C=U$37)),1)*(IF($K$10=""Sí"",0.94,1)),""""),"""")=0,"""",IF(COUNT($I$6:$I$13)>=3,0.9,1)*IF(VLOOKUP(LEFT(U$37,SEARCH(""☃"",SUBSTITUTE(U$37,"" "",""☃"",LEN(U$37)-LEN(SUBSTITUTE(U$37,"" "",""""))))-1),Excepciones!$A:$B,2,0)>=0,IFERROR(INDEX(FI"&"LTER(Precios!$D:$D,(Precios!$A:$A<=$I14)*(Precios!$B:$B>=$I14)*(Precios!$C:$C=U$37)),1)*(IF($K$10=""Sí"",0.94,1)),""""),"""")),"""") "),"") | W65: =IFERROR(__xludf.DUMMYFUNCTION("IFERROR(IF($I14="""","""",IF(VLOOKUP(LEFT(W$37,SEARCH(""☃"",SUBSTITUTE(W$37,"" "",""☃"",LEN(W$37)-LEN(SUBSTITUTE(W$37,"" "",""""))))-1),Excepciones!$A:$B,2,0)>=0,IFERROR(INDEX(filter(Precios!$D:$D,(Precios!$A:$A<=$I14)*(Precios!$B:$B>=$I14)*(Precios!$C:$C"&"=W$37)),1)*1,""""),"""")),"""")"),"") | Y65: =IFERROR(__xludf.DUMMYFUNCTION("IFERROR(IF($I14="""","""",IF(VLOOKUP(LEFT(Y$37,SEARCH(""☃"",SUBSTITUTE(Y$37,"" "",""☃"",LEN(Y$37)-LEN(SUBSTITUTE(Y$37,"" "",""""))))-1),Excepciones!$A:$B,2,0)>=0,IFERROR(INDEX(filter(Precios!$D:$D,(Precios!$A:$A<=$I14)*(Precios!$B:$B>=$I14)*(Precios!$C:$C"&"=Y$37)),1)*1,""No asegurable""),""No asegurable"")),"""")"),"") | Z65: =IFERROR(__xludf.DUMMYFUNCTION("IFERROR(IF($I14="""","""",IF(VLOOKUP(LEFT(Z$37,SEARCH(""☃"",SUBSTITUTE(Z$37,"" "",""☃"",LEN(Z$37)-LEN(SUBSTITUTE(Z$37,"" "",""""))))-1),Excepciones!$A:$B,2,0)>=0,IFERROR(INDEX(filter(Precios!$D:$D,(Precios!$A:$A<=$I14)*(Precios!$B:$B>=$I14)*(Precios!$C:$C"&"=Z$37)),1)*1,""No asegurable""),""No asegurable"")),"""")"),"") | AA65: =IFERROR(__xludf.DUMMYFUNCTION("IFERROR(IF($I14="""","""",IF(VLOOKUP(LEFT(AA$37,SEARCH(""☃"",SUBSTITUTE(AA$37,"" "",""☃"",LEN(AA$37)-LEN(SUBSTITUTE(AA$37,"" "",""""))))-1),Excepciones!$A:$B,2,0)>=0,IFERROR(INDEX(filter(Precios!$D:$D,(Precios!$A:$A<=$I14)*(Precios!$B:$B>=$I14)*(Precios!$"&"C:$C=AA$37)),1)*1,""No asegurable""),""No asegurable"")),"""")"),"") | AB65: =IFERROR(__xludf.DUMMYFUNCTION("IFERROR(IF($I14="""","""",IF(VLOOKUP(LEFT(AB$37,SEARCH(""☃"",SUBSTITUTE(AB$37,"" "",""☃"",LEN(AB$37)-LEN(SUBSTITUTE(AB$37,"" "",""""))))-1),Excepciones!$A:$B,2,0)>=0,IFERROR(INDEX(filter(Precios!$D:$D,(Precios!$A:$A<=$I14)*(Precios!$B:$B>=$I14)*(Precios!$"&"C:$C=AB$37)),1)*1,""No asegurable""),""No asegurable"")),"""")"),"") | AC65: =IFERROR(__xludf.DUMMYFUNCTION("IFERROR(IF($I14="""","""",IF(VLOOKUP(LEFT(AC$37,SEARCH(""☃"",SUBSTITUTE(AC$37,"" "",""☃"",LEN(AC$37)-LEN(SUBSTITUTE(AC$37,"" "",""""))))-1),Excepciones!$A:$B,2,0)>=0,IFERROR(INDEX(filter(Precios!$D:$D,(Precios!$A:$A<=$I14)*(Precios!$B:$B>=$I14)*(Precios!$"&"C:$C=AC$37)),1)*1,""No asegurable""),""No asegurable"")),"""")"),"")
L66: 10 | N66: =IFERROR(__xludf.DUMMYFUNCTION("IFERROR(IF($I15="""","""",IF($K$8>0,"""",IF(COUNT($I$6:$I$13)>1,0.9,1)*IF(VLOOKUP(LEFT(N$37,SEARCH(""☃"",SUBSTITUTE(N$37,"" "",""☃"",LEN(N$37)-LEN(SUBSTITUTE(N$37,"" "",""""))))-1),Excepciones!$A:$B,2,0)>=0,IFERROR(INDEX(FILTER(Precios!$D:$D,(Precios!$A:$"&"A<=$I15)*(Precios!$B:$B>=$I15)*(Precios!$C:$C=N$37)),1)*(1-$K$6),""No asegurable""),""No asegurable""))),"""") "),"") | O66: =IFERROR(__xludf.DUMMYFUNCTION("IFERROR(IF(IF(COUNT($I$6:$I$13)>3,0.9,1)*IF(VLOOKUP(LEFT(O$37,SEARCH(""☃"",SUBSTITUTE(O$37,"" "",""☃"",LEN(O$37)-LEN(SUBSTITUTE(O$37,"" "",""""))))-1),Excepciones!$A:$B,2,0)>=0,IFERROR(INDEX(FILTER(Precios!$D:$D,(Precios!$A:$A<=$I15)*(Precios!$B:$B>=$I15)"&"*(Precios!$C:$C=O$37)),1)*(IF($K$10=""Sí"",0.94,1)),""""),"""")=0,"""",IF(COUNT($I$6:$I$13)>3,0.9,1)*IF(VLOOKUP(LEFT(O$37,SEARCH(""☃"",SUBSTITUTE(O$37,"" "",""☃"",LEN(O$37)-LEN(SUBSTITUTE(O$37,"" "",""""))))-1),Excepciones!$A:$B,2,0)>=0,IFERROR(INDEX(FILT"&"ER(Precios!$D:$D,(Precios!$A:$A<=$I15)*(Precios!$B:$B>=$I15)*(Precios!$C:$C=O$37)),1)*(IF($K$10=""Sí"",0.94,1)),""""),"""")),"""") "),"") | Q66: =IFERROR(__xludf.DUMMYFUNCTION("IFERROR(IF(IF(COUNT($I$6:$I$13)>3,0.9,1)*IF(VLOOKUP(LEFT(Q$37,SEARCH(""☃"",SUBSTITUTE(Q$37,"" "",""☃"",LEN(Q$37)-LEN(SUBSTITUTE(Q$37,"" "",""""))))-1),Excepciones!$A:$B,2,0)>=0,IFERROR(INDEX(FILTER(Precios!$D:$D,(Precios!$A:$A<=$I15)*(Precios!$B:$B>=$I15)"&"*(Precios!$C:$C=Q$37)),1)*(IF($K$10=""Sí"",0.94,1)),""""),"""")=0,"""",IF(COUNT($I$6:$I$13)>3,0.9,1)*IF(VLOOKUP(LEFT(Q$37,SEARCH(""☃"",SUBSTITUTE(Q$37,"" "",""☃"",LEN(Q$37)-LEN(SUBSTITUTE(Q$37,"" "",""""))))-1),Excepciones!$A:$B,2,0)>=0,IFERROR(INDEX(FILT"&"ER(Precios!$D:$D,(Precios!$A:$A<=$I15)*(Precios!$B:$B>=$I15)*(Precios!$C:$C=Q$37)),1)*(IF($K$10=""Sí"",0.94,1)),""""),"""")),"""") "),"") | R66: =IFERROR(__xludf.DUMMYFUNCTION("IFERROR(IF(IF(COUNT($I$6:$I$13)>3,0.9,1)*IF(VLOOKUP(LEFT(R$37,SEARCH(""☃"",SUBSTITUTE(R$37,"" "",""☃"",LEN(R$37)-LEN(SUBSTITUTE(R$37,"" "",""""))))-1),Excepciones!$A:$B,2,0)>=0,IFERROR(INDEX(FILTER(Precios!$D:$D,(Precios!$A:$A<=$I15)*(Precios!$B:$B>=$I15)"&"*(Precios!$C:$C=R$37)),1)*(IF($K$10=""Sí"",0.94,1)),""""),"""")=0,"""",IF(COUNT($I$6:$I$13)>3,0.9,1)*IF(VLOOKUP(LEFT(R$37,SEARCH(""☃"",SUBSTITUTE(R$37,"" "",""☃"",LEN(R$37)-LEN(SUBSTITUTE(R$37,"" "",""""))))-1),Excepciones!$A:$B,2,0)>=0,IFERROR(INDEX(FILT"&"ER(Precios!$D:$D,(Precios!$A:$A<=$I15)*(Precios!$B:$B>=$I15)*(Precios!$C:$C=R$37)),1)*(IF($K$10=""Sí"",0.94,1)),""""),"""")),"""") "),"") | T66: =IFERROR(__xludf.DUMMYFUNCTION("IFERROR(IF(IF(COUNT($I$6:$I$13)>3,0.9,1)*IF(VLOOKUP(LEFT(T$37,SEARCH(""☃"",SUBSTITUTE(T$37,"" "",""☃"",LEN(T$37)-LEN(SUBSTITUTE(T$37,"" "",""""))))-1),Excepciones!$A:$B,2,0)>=0,IFERROR(INDEX(FILTER(Precios!$D:$D,(Precios!$A:$A<=$I15)*(Precios!$B:$B>=$I15)"&"*(Precios!$C:$C=T$37)),1)*(IF($K$10=""Sí"",0.94,1)),""""),"""")=0,"""",IF(COUNT($I$6:$I$13)>3,0.9,1)*IF(VLOOKUP(LEFT(T$37,SEARCH(""☃"",SUBSTITUTE(T$37,"" "",""☃"",LEN(T$37)-LEN(SUBSTITUTE(T$37,"" "",""""))))-1),Excepciones!$A:$B,2,0)>=0,IFERROR(INDEX(FILT"&"ER(Precios!$D:$D,(Precios!$A:$A<=$I15)*(Precios!$B:$B>=$I15)*(Precios!$C:$C=T$37)),1)*(IF($K$10=""Sí"",0.94,1)),""""),"""")),"""") "),"") | U66: =IFERROR(__xludf.DUMMYFUNCTION("IFERROR(IF(IF(COUNT($I$6:$I$13)>=3,0.9,1)*IF(VLOOKUP(LEFT(U$37,SEARCH(""☃"",SUBSTITUTE(U$37,"" "",""☃"",LEN(U$37)-LEN(SUBSTITUTE(U$37,"" "",""""))))-1),Excepciones!$A:$B,2,0)>=0,IFERROR(INDEX(FILTER(Precios!$D:$D,(Precios!$A:$A<=$I15)*(Precios!$B:$B>=$I15"&")*(Precios!$C:$C=U$37)),1)*(IF($K$10=""Sí"",0.94,1)),""""),"""")=0,"""",IF(COUNT($I$6:$I$13)>=3,0.9,1)*IF(VLOOKUP(LEFT(U$37,SEARCH(""☃"",SUBSTITUTE(U$37,"" "",""☃"",LEN(U$37)-LEN(SUBSTITUTE(U$37,"" "",""""))))-1),Excepciones!$A:$B,2,0)>=0,IFERROR(INDEX(FI"&"LTER(Precios!$D:$D,(Precios!$A:$A<=$I15)*(Precios!$B:$B>=$I15)*(Precios!$C:$C=U$37)),1)*(IF($K$10=""Sí"",0.94,1)),""""),"""")),"""") "),"") | W66: =IFERROR(__xludf.DUMMYFUNCTION("IFERROR(IF($I15="""","""",IF(VLOOKUP(LEFT(W$37,SEARCH(""☃"",SUBSTITUTE(W$37,"" "",""☃"",LEN(W$37)-LEN(SUBSTITUTE(W$37,"" "",""""))))-1),Excepciones!$A:$B,2,0)>=0,IFERROR(INDEX(filter(Precios!$D:$D,(Precios!$A:$A<=$I15)*(Precios!$B:$B>=$I15)*(Precios!$C:$C"&"=W$37)),1)*1,""""),"""")),"""")"),"") | Y66: =IFERROR(__xludf.DUMMYFUNCTION("IFERROR(IF($I15="""","""",IF(VLOOKUP(LEFT(Y$37,SEARCH(""☃"",SUBSTITUTE(Y$37,"" "",""☃"",LEN(Y$37)-LEN(SUBSTITUTE(Y$37,"" "",""""))))-1),Excepciones!$A:$B,2,0)>=0,IFERROR(INDEX(filter(Precios!$D:$D,(Precios!$A:$A<=$I15)*(Precios!$B:$B>=$I15)*(Precios!$C:$C"&"=Y$37)),1)*1,""No asegurable""),""No asegurable"")),"""")"),"") | Z66: =IFERROR(__xludf.DUMMYFUNCTION("IFERROR(IF($I15="""","""",IF(VLOOKUP(LEFT(Z$37,SEARCH(""☃"",SUBSTITUTE(Z$37,"" "",""☃"",LEN(Z$37)-LEN(SUBSTITUTE(Z$37,"" "",""""))))-1),Excepciones!$A:$B,2,0)>=0,IFERROR(INDEX(filter(Precios!$D:$D,(Precios!$A:$A<=$I15)*(Precios!$B:$B>=$I15)*(Precios!$C:$C"&"=Z$37)),1)*1,""No asegurable""),""No asegurable"")),"""")"),"") | AA66: =IFERROR(__xludf.DUMMYFUNCTION("IFERROR(IF($I15="""","""",IF(VLOOKUP(LEFT(AA$37,SEARCH(""☃"",SUBSTITUTE(AA$37,"" "",""☃"",LEN(AA$37)-LEN(SUBSTITUTE(AA$37,"" "",""""))))-1),Excepciones!$A:$B,2,0)>=0,IFERROR(INDEX(filter(Precios!$D:$D,(Precios!$A:$A<=$I15)*(Precios!$B:$B>=$I15)*(Precios!$"&"C:$C=AA$37)),1)*1,""No asegurable""),""No asegurable"")),"""")"),"") | AB66: =IFERROR(__xludf.DUMMYFUNCTION("IFERROR(IF($I15="""","""",IF(VLOOKUP(LEFT(AB$37,SEARCH(""☃"",SUBSTITUTE(AB$37,"" "",""☃"",LEN(AB$37)-LEN(SUBSTITUTE(AB$37,"" "",""""))))-1),Excepciones!$A:$B,2,0)>=0,IFERROR(INDEX(filter(Precios!$D:$D,(Precios!$A:$A<=$I15)*(Precios!$B:$B>=$I15)*(Precios!$"&"C:$C=AB$37)),1)*1,""No asegurable""),""No asegurable"")),"""")"),"") | AC66: =IFERROR(__xludf.DUMMYFUNCTION("IFERROR(IF($I15="""","""",IF(VLOOKUP(LEFT(AC$37,SEARCH(""☃"",SUBSTITUTE(AC$37,"" "",""☃"",LEN(AC$37)-LEN(SUBSTITUTE(AC$37,"" "",""""))))-1),Excepciones!$A:$B,2,0)>=0,IFERROR(INDEX(filter(Precios!$D:$D,(Precios!$A:$A<=$I15)*(Precios!$B:$B>=$I15)*(Precios!$"&"C:$C=AC$37)),1)*1,""No asegurable""),""No asegurable"")),"""")"),"")
L67: 11 | N67: =IFERROR(__xludf.DUMMYFUNCTION("IFERROR(IF($I16="""","""",IF($K$8>0,"""",IF(COUNT($I$6:$I$13)>1,0.9,1)*IF(VLOOKUP(LEFT(N$37,SEARCH(""☃"",SUBSTITUTE(N$37,"" "",""☃"",LEN(N$37)-LEN(SUBSTITUTE(N$37,"" "",""""))))-1),Excepciones!$A:$B,2,0)>=0,IFERROR(INDEX(FILTER(Precios!$D:$D,(Precios!$A:$"&"A<=$I16)*(Precios!$B:$B>=$I16)*(Precios!$C:$C=N$37)),1)*(1-$K$6),""No asegurable""),""No asegurable""))),"""") "),"") | O67: =IFERROR(__xludf.DUMMYFUNCTION("IFERROR(IF(IF(COUNT($I$6:$I$13)>3,0.9,1)*IF(VLOOKUP(LEFT(O$37,SEARCH(""☃"",SUBSTITUTE(O$37,"" "",""☃"",LEN(O$37)-LEN(SUBSTITUTE(O$37,"" "",""""))))-1),Excepciones!$A:$B,2,0)>=0,IFERROR(INDEX(FILTER(Precios!$D:$D,(Precios!$A:$A<=$I16)*(Precios!$B:$B>=$I16)"&"*(Precios!$C:$C=O$37)),1)*(IF($K$10=""Sí"",0.94,1)),""""),"""")=0,"""",IF(COUNT($I$6:$I$13)>3,0.9,1)*IF(VLOOKUP(LEFT(O$37,SEARCH(""☃"",SUBSTITUTE(O$37,"" "",""☃"",LEN(O$37)-LEN(SUBSTITUTE(O$37,"" "",""""))))-1),Excepciones!$A:$B,2,0)>=0,IFERROR(INDEX(FILT"&"ER(Precios!$D:$D,(Precios!$A:$A<=$I16)*(Precios!$B:$B>=$I16)*(Precios!$C:$C=O$37)),1)*(IF($K$10=""Sí"",0.94,1)),""""),"""")),"""") "),"") | Q67: =IFERROR(__xludf.DUMMYFUNCTION("IFERROR(IF(IF(COUNT($I$6:$I$13)>3,0.9,1)*IF(VLOOKUP(LEFT(Q$37,SEARCH(""☃"",SUBSTITUTE(Q$37,"" "",""☃"",LEN(Q$37)-LEN(SUBSTITUTE(Q$37,"" "",""""))))-1),Excepciones!$A:$B,2,0)>=0,IFERROR(INDEX(FILTER(Precios!$D:$D,(Precios!$A:$A<=$I16)*(Precios!$B:$B>=$I16)"&"*(Precios!$C:$C=Q$37)),1)*(IF($K$10=""Sí"",0.94,1)),""""),"""")=0,"""",IF(COUNT($I$6:$I$13)>3,0.9,1)*IF(VLOOKUP(LEFT(Q$37,SEARCH(""☃"",SUBSTITUTE(Q$37,"" "",""☃"",LEN(Q$37)-LEN(SUBSTITUTE(Q$37,"" "",""""))))-1),Excepciones!$A:$B,2,0)>=0,IFERROR(INDEX(FILT"&"ER(Precios!$D:$D,(Precios!$A:$A<=$I16)*(Precios!$B:$B>=$I16)*(Precios!$C:$C=Q$37)),1)*(IF($K$10=""Sí"",0.94,1)),""""),"""")),"""") "),"") | R67: =IFERROR(__xludf.DUMMYFUNCTION("IFERROR(IF(IF(COUNT($I$6:$I$13)>3,0.9,1)*IF(VLOOKUP(LEFT(R$37,SEARCH(""☃"",SUBSTITUTE(R$37,"" "",""☃"",LEN(R$37)-LEN(SUBSTITUTE(R$37,"" "",""""))))-1),Excepciones!$A:$B,2,0)>=0,IFERROR(INDEX(FILTER(Precios!$D:$D,(Precios!$A:$A<=$I16)*(Precios!$B:$B>=$I16)"&"*(Precios!$C:$C=R$37)),1)*(IF($K$10=""Sí"",0.94,1)),""""),"""")=0,"""",IF(COUNT($I$6:$I$13)>3,0.9,1)*IF(VLOOKUP(LEFT(R$37,SEARCH(""☃"",SUBSTITUTE(R$37,"" "",""☃"",LEN(R$37)-LEN(SUBSTITUTE(R$37,"" "",""""))))-1),Excepciones!$A:$B,2,0)>=0,IFERROR(INDEX(FILT"&"ER(Precios!$D:$D,(Precios!$A:$A<=$I16)*(Precios!$B:$B>=$I16)*(Precios!$C:$C=R$37)),1)*(IF($K$10=""Sí"",0.94,1)),""""),"""")),"""") "),"") | T67: =IFERROR(__xludf.DUMMYFUNCTION("IFERROR(IF(IF(COUNT($I$6:$I$13)>3,0.9,1)*IF(VLOOKUP(LEFT(T$37,SEARCH(""☃"",SUBSTITUTE(T$37,"" "",""☃"",LEN(T$37)-LEN(SUBSTITUTE(T$37,"" "",""""))))-1),Excepciones!$A:$B,2,0)>=0,IFERROR(INDEX(FILTER(Precios!$D:$D,(Precios!$A:$A<=$I16)*(Precios!$B:$B>=$I16)"&"*(Precios!$C:$C=T$37)),1)*(IF($K$10=""Sí"",0.94,1)),""""),"""")=0,"""",IF(COUNT($I$6:$I$13)>3,0.9,1)*IF(VLOOKUP(LEFT(T$37,SEARCH(""☃"",SUBSTITUTE(T$37,"" "",""☃"",LEN(T$37)-LEN(SUBSTITUTE(T$37,"" "",""""))))-1),Excepciones!$A:$B,2,0)>=0,IFERROR(INDEX(FILT"&"ER(Precios!$D:$D,(Precios!$A:$A<=$I16)*(Precios!$B:$B>=$I16)*(Precios!$C:$C=T$37)),1)*(IF($K$10=""Sí"",0.94,1)),""""),"""")),"""") "),"") | U67: =IFERROR(__xludf.DUMMYFUNCTION("IFERROR(IF(IF(COUNT($I$6:$I$13)>=3,0.9,1)*IF(VLOOKUP(LEFT(U$37,SEARCH(""☃"",SUBSTITUTE(U$37,"" "",""☃"",LEN(U$37)-LEN(SUBSTITUTE(U$37,"" "",""""))))-1),Excepciones!$A:$B,2,0)>=0,IFERROR(INDEX(FILTER(Precios!$D:$D,(Precios!$A:$A<=$I16)*(Precios!$B:$B>=$I16"&")*(Precios!$C:$C=U$37)),1)*(IF($K$10=""Sí"",0.94,1)),""""),"""")=0,"""",IF(COUNT($I$6:$I$13)>=3,0.9,1)*IF(VLOOKUP(LEFT(U$37,SEARCH(""☃"",SUBSTITUTE(U$37,"" "",""☃"",LEN(U$37)-LEN(SUBSTITUTE(U$37,"" "",""""))))-1),Excepciones!$A:$B,2,0)>=0,IFERROR(INDEX(FI"&"LTER(Precios!$D:$D,(Precios!$A:$A<=$I16)*(Precios!$B:$B>=$I16)*(Precios!$C:$C=U$37)),1)*(IF($K$10=""Sí"",0.94,1)),""""),"""")),"""") "),"") | W67: =IFERROR(__xludf.DUMMYFUNCTION("IFERROR(IF($I16="""","""",IF(VLOOKUP(LEFT(W$37,SEARCH(""☃"",SUBSTITUTE(W$37,"" "",""☃"",LEN(W$37)-LEN(SUBSTITUTE(W$37,"" "",""""))))-1),Excepciones!$A:$B,2,0)>=0,IFERROR(INDEX(filter(Precios!$D:$D,(Precios!$A:$A<=$I16)*(Precios!$B:$B>=$I16)*(Precios!$C:$C"&"=W$37)),1)*1,""""),"""")),"""")"),"") | Y67: =IFERROR(__xludf.DUMMYFUNCTION("IFERROR(IF($I16="""","""",IF(VLOOKUP(LEFT(Y$37,SEARCH(""☃"",SUBSTITUTE(Y$37,"" "",""☃"",LEN(Y$37)-LEN(SUBSTITUTE(Y$37,"" "",""""))))-1),Excepciones!$A:$B,2,0)>=0,IFERROR(INDEX(filter(Precios!$D:$D,(Precios!$A:$A<=$I16)*(Precios!$B:$B>=$I16)*(Precios!$C:$C"&"=Y$37)),1)*1,""No asegurable""),""No asegurable"")),"""")"),"") | Z67: =IFERROR(__xludf.DUMMYFUNCTION("IFERROR(IF($I16="""","""",IF(VLOOKUP(LEFT(Z$37,SEARCH(""☃"",SUBSTITUTE(Z$37,"" "",""☃"",LEN(Z$37)-LEN(SUBSTITUTE(Z$37,"" "",""""))))-1),Excepciones!$A:$B,2,0)>=0,IFERROR(INDEX(filter(Precios!$D:$D,(Precios!$A:$A<=$I16)*(Precios!$B:$B>=$I16)*(Precios!$C:$C"&"=Z$37)),1)*1,""No asegurable""),""No asegurable"")),"""")"),"") | AA67: =IFERROR(__xludf.DUMMYFUNCTION("IFERROR(IF($I16="""","""",IF(VLOOKUP(LEFT(AA$37,SEARCH(""☃"",SUBSTITUTE(AA$37,"" "",""☃"",LEN(AA$37)-LEN(SUBSTITUTE(AA$37,"" "",""""))))-1),Excepciones!$A:$B,2,0)>=0,IFERROR(INDEX(filter(Precios!$D:$D,(Precios!$A:$A<=$I16)*(Precios!$B:$B>=$I16)*(Precios!$"&"C:$C=AA$37)),1)*1,""No asegurable""),""No asegurable"")),"""")"),"") | AB67: =IFERROR(__xludf.DUMMYFUNCTION("IFERROR(IF($I16="""","""",IF(VLOOKUP(LEFT(AB$37,SEARCH(""☃"",SUBSTITUTE(AB$37,"" "",""☃"",LEN(AB$37)-LEN(SUBSTITUTE(AB$37,"" "",""""))))-1),Excepciones!$A:$B,2,0)>=0,IFERROR(INDEX(filter(Precios!$D:$D,(Precios!$A:$A<=$I16)*(Precios!$B:$B>=$I16)*(Precios!$"&"C:$C=AB$37)),1)*1,""No asegurable""),""No asegurable"")),"""")"),"") | AC67: =IFERROR(__xludf.DUMMYFUNCTION("IFERROR(IF($I16="""","""",IF(VLOOKUP(LEFT(AC$37,SEARCH(""☃"",SUBSTITUTE(AC$37,"" "",""☃"",LEN(AC$37)-LEN(SUBSTITUTE(AC$37,"" "",""""))))-1),Excepciones!$A:$B,2,0)>=0,IFERROR(INDEX(filter(Precios!$D:$D,(Precios!$A:$A<=$I16)*(Precios!$B:$B>=$I16)*(Precios!$"&"C:$C=AC$37)),1)*1,""No asegurable""),""No asegurable"")),"""")"),"")
L68: 12 | N68: =IFERROR(__xludf.DUMMYFUNCTION("IFERROR(IF($I17="""","""",IF($K$8>0,"""",IF(COUNT($I$6:$I$13)>1,0.9,1)*IF(VLOOKUP(LEFT(N$37,SEARCH(""☃"",SUBSTITUTE(N$37,"" "",""☃"",LEN(N$37)-LEN(SUBSTITUTE(N$37,"" "",""""))))-1),Excepciones!$A:$B,2,0)>=0,IFERROR(INDEX(FILTER(Precios!$D:$D,(Precios!$A:$"&"A<=$I17)*(Precios!$B:$B>=$I17)*(Precios!$C:$C=N$37)),1)*(1-$K$6),""No asegurable""),""No asegurable""))),"""") "),"") | O68: =IFERROR(__xludf.DUMMYFUNCTION("IFERROR(IF(IF(COUNT($I$6:$I$13)>3,0.9,1)*IF(VLOOKUP(LEFT(O$37,SEARCH(""☃"",SUBSTITUTE(O$37,"" "",""☃"",LEN(O$37)-LEN(SUBSTITUTE(O$37,"" "",""""))))-1),Excepciones!$A:$B,2,0)>=0,IFERROR(INDEX(FILTER(Precios!$D:$D,(Precios!$A:$A<=$I17)*(Precios!$B:$B>=$I17)"&"*(Precios!$C:$C=O$37)),1)*(IF($K$10=""Sí"",0.94,1)),""""),"""")=0,"""",IF(COUNT($I$6:$I$13)>3,0.9,1)*IF(VLOOKUP(LEFT(O$37,SEARCH(""☃"",SUBSTITUTE(O$37,"" "",""☃"",LEN(O$37)-LEN(SUBSTITUTE(O$37,"" "",""""))))-1),Excepciones!$A:$B,2,0)>=0,IFERROR(INDEX(FILT"&"ER(Precios!$D:$D,(Precios!$A:$A<=$I17)*(Precios!$B:$B>=$I17)*(Precios!$C:$C=O$37)),1)*(IF($K$10=""Sí"",0.94,1)),""""),"""")),"""") "),"") | Q68: =IFERROR(__xludf.DUMMYFUNCTION("IFERROR(IF(IF(COUNT($I$6:$I$13)>3,0.9,1)*IF(VLOOKUP(LEFT(Q$37,SEARCH(""☃"",SUBSTITUTE(Q$37,"" "",""☃"",LEN(Q$37)-LEN(SUBSTITUTE(Q$37,"" "",""""))))-1),Excepciones!$A:$B,2,0)>=0,IFERROR(INDEX(FILTER(Precios!$D:$D,(Precios!$A:$A<=$I17)*(Precios!$B:$B>=$I17)"&"*(Precios!$C:$C=Q$37)),1)*(IF($K$10=""Sí"",0.94,1)),""""),"""")=0,"""",IF(COUNT($I$6:$I$13)>3,0.9,1)*IF(VLOOKUP(LEFT(Q$37,SEARCH(""☃"",SUBSTITUTE(Q$37,"" "",""☃"",LEN(Q$37)-LEN(SUBSTITUTE(Q$37,"" "",""""))))-1),Excepciones!$A:$B,2,0)>=0,IFERROR(INDEX(FILT"&"ER(Precios!$D:$D,(Precios!$A:$A<=$I17)*(Precios!$B:$B>=$I17)*(Precios!$C:$C=Q$37)),1)*(IF($K$10=""Sí"",0.94,1)),""""),"""")),"""") "),"") | R68: =IFERROR(__xludf.DUMMYFUNCTION("IFERROR(IF(IF(COUNT($I$6:$I$13)>3,0.9,1)*IF(VLOOKUP(LEFT(R$37,SEARCH(""☃"",SUBSTITUTE(R$37,"" "",""☃"",LEN(R$37)-LEN(SUBSTITUTE(R$37,"" "",""""))))-1),Excepciones!$A:$B,2,0)>=0,IFERROR(INDEX(FILTER(Precios!$D:$D,(Precios!$A:$A<=$I17)*(Precios!$B:$B>=$I17)"&"*(Precios!$C:$C=R$37)),1)*(IF($K$10=""Sí"",0.94,1)),""""),"""")=0,"""",IF(COUNT($I$6:$I$13)>3,0.9,1)*IF(VLOOKUP(LEFT(R$37,SEARCH(""☃"",SUBSTITUTE(R$37,"" "",""☃"",LEN(R$37)-LEN(SUBSTITUTE(R$37,"" "",""""))))-1),Excepciones!$A:$B,2,0)>=0,IFERROR(INDEX(FILT"&"ER(Precios!$D:$D,(Precios!$A:$A<=$I17)*(Precios!$B:$B>=$I17)*(Precios!$C:$C=R$37)),1)*(IF($K$10=""Sí"",0.94,1)),""""),"""")),"""") "),"") | T68: =IFERROR(__xludf.DUMMYFUNCTION("IFERROR(IF(IF(COUNT($I$6:$I$13)>3,0.9,1)*IF(VLOOKUP(LEFT(T$37,SEARCH(""☃"",SUBSTITUTE(T$37,"" "",""☃"",LEN(T$37)-LEN(SUBSTITUTE(T$37,"" "",""""))))-1),Excepciones!$A:$B,2,0)>=0,IFERROR(INDEX(FILTER(Precios!$D:$D,(Precios!$A:$A<=$I17)*(Precios!$B:$B>=$I17)"&"*(Precios!$C:$C=T$37)),1)*(IF($K$10=""Sí"",0.94,1)),""""),"""")=0,"""",IF(COUNT($I$6:$I$13)>3,0.9,1)*IF(VLOOKUP(LEFT(T$37,SEARCH(""☃"",SUBSTITUTE(T$37,"" "",""☃"",LEN(T$37)-LEN(SUBSTITUTE(T$37,"" "",""""))))-1),Excepciones!$A:$B,2,0)>=0,IFERROR(INDEX(FILT"&"ER(Precios!$D:$D,(Precios!$A:$A<=$I17)*(Precios!$B:$B>=$I17)*(Precios!$C:$C=T$37)),1)*(IF($K$10=""Sí"",0.94,1)),""""),"""")),"""") "),"") | U68: =IFERROR(__xludf.DUMMYFUNCTION("IFERROR(IF(IF(COUNT($I$6:$I$13)>=3,0.9,1)*IF(VLOOKUP(LEFT(U$37,SEARCH(""☃"",SUBSTITUTE(U$37,"" "",""☃"",LEN(U$37)-LEN(SUBSTITUTE(U$37,"" "",""""))))-1),Excepciones!$A:$B,2,0)>=0,IFERROR(INDEX(FILTER(Precios!$D:$D,(Precios!$A:$A<=$I17)*(Precios!$B:$B>=$I17"&")*(Precios!$C:$C=U$37)),1)*(IF($K$10=""Sí"",0.94,1)),""""),"""")=0,"""",IF(COUNT($I$6:$I$13)>=3,0.9,1)*IF(VLOOKUP(LEFT(U$37,SEARCH(""☃"",SUBSTITUTE(U$37,"" "",""☃"",LEN(U$37)-LEN(SUBSTITUTE(U$37,"" "",""""))))-1),Excepciones!$A:$B,2,0)>=0,IFERROR(INDEX(FI"&"LTER(Precios!$D:$D,(Precios!$A:$A<=$I17)*(Precios!$B:$B>=$I17)*(Precios!$C:$C=U$37)),1)*(IF($K$10=""Sí"",0.94,1)),""""),"""")),"""") "),"") | W68: =IFERROR(__xludf.DUMMYFUNCTION("IFERROR(IF($I17="""","""",IF(VLOOKUP(LEFT(W$37,SEARCH(""☃"",SUBSTITUTE(W$37,"" "",""☃"",LEN(W$37)-LEN(SUBSTITUTE(W$37,"" "",""""))))-1),Excepciones!$A:$B,2,0)>=0,IFERROR(INDEX(filter(Precios!$D:$D,(Precios!$A:$A<=$I17)*(Precios!$B:$B>=$I17)*(Precios!$C:$C"&"=W$37)),1)*1,""""),"""")),"""")"),"") | Y68: =IFERROR(__xludf.DUMMYFUNCTION("IFERROR(IF($I17="""","""",IF(VLOOKUP(LEFT(Y$37,SEARCH(""☃"",SUBSTITUTE(Y$37,"" "",""☃"",LEN(Y$37)-LEN(SUBSTITUTE(Y$37,"" "",""""))))-1),Excepciones!$A:$B,2,0)>=0,IFERROR(INDEX(filter(Precios!$D:$D,(Precios!$A:$A<=$I17)*(Precios!$B:$B>=$I17)*(Precios!$C:$C"&"=Y$37)),1)*1,""No asegurable""),""No asegurable"")),"""")"),"") | Z68: =IFERROR(__xludf.DUMMYFUNCTION("IFERROR(IF($I17="""","""",IF(VLOOKUP(LEFT(Z$37,SEARCH(""☃"",SUBSTITUTE(Z$37,"" "",""☃"",LEN(Z$37)-LEN(SUBSTITUTE(Z$37,"" "",""""))))-1),Excepciones!$A:$B,2,0)>=0,IFERROR(INDEX(filter(Precios!$D:$D,(Precios!$A:$A<=$I17)*(Precios!$B:$B>=$I17)*(Precios!$C:$C"&"=Z$37)),1)*1,""No asegurable""),""No asegurable"")),"""")"),"") | AA68: =IFERROR(__xludf.DUMMYFUNCTION("IFERROR(IF($I17="""","""",IF(VLOOKUP(LEFT(AA$37,SEARCH(""☃"",SUBSTITUTE(AA$37,"" "",""☃"",LEN(AA$37)-LEN(SUBSTITUTE(AA$37,"" "",""""))))-1),Excepciones!$A:$B,2,0)>=0,IFERROR(INDEX(filter(Precios!$D:$D,(Precios!$A:$A<=$I17)*(Precios!$B:$B>=$I17)*(Precios!$"&"C:$C=AA$37)),1)*1,""No asegurable""),""No asegurable"")),"""")"),"") | AB68: =IFERROR(__xludf.DUMMYFUNCTION("IFERROR(IF($I17="""","""",IF(VLOOKUP(LEFT(AB$37,SEARCH(""☃"",SUBSTITUTE(AB$37,"" "",""☃"",LEN(AB$37)-LEN(SUBSTITUTE(AB$37,"" "",""""))))-1),Excepciones!$A:$B,2,0)>=0,IFERROR(INDEX(filter(Precios!$D:$D,(Precios!$A:$A<=$I17)*(Precios!$B:$B>=$I17)*(Precios!$"&"C:$C=AB$37)),1)*1,""No asegurable""),""No asegurable"")),"""")"),"") | AC68: =IFERROR(__xludf.DUMMYFUNCTION("IFERROR(IF($I17="""","""",IF(VLOOKUP(LEFT(AC$37,SEARCH(""☃"",SUBSTITUTE(AC$37,"" "",""☃"",LEN(AC$37)-LEN(SUBSTITUTE(AC$37,"" "",""""))))-1),Excepciones!$A:$B,2,0)>=0,IFERROR(INDEX(filter(Precios!$D:$D,(Precios!$A:$A<=$I17)*(Precios!$B:$B>=$I17)*(Precios!$"&"C:$C=AC$37)),1)*1,""No asegurable""),""No asegurable"")),"""")"),"")
L69: 13 | N69: =IFERROR(__xludf.DUMMYFUNCTION("IFERROR(IF($I18="""","""",IF($K$8>0,"""",IF(COUNT($I$6:$I$13)>1,0.9,1)*IF(VLOOKUP(LEFT(N$37,SEARCH(""☃"",SUBSTITUTE(N$37,"" "",""☃"",LEN(N$37)-LEN(SUBSTITUTE(N$37,"" "",""""))))-1),Excepciones!$A:$B,2,0)>=0,IFERROR(INDEX(FILTER(Precios!$D:$D,(Precios!$A:$"&"A<=$I18)*(Precios!$B:$B>=$I18)*(Precios!$C:$C=N$37)),1)*(1-$K$6),""No asegurable""),""No asegurable""))),"""") "),"") | O69: =IFERROR(__xludf.DUMMYFUNCTION("IFERROR(IF(IF(COUNT($I$6:$I$13)>3,0.9,1)*IF(VLOOKUP(LEFT(O$37,SEARCH(""☃"",SUBSTITUTE(O$37,"" "",""☃"",LEN(O$37)-LEN(SUBSTITUTE(O$37,"" "",""""))))-1),Excepciones!$A:$B,2,0)>=0,IFERROR(INDEX(FILTER(Precios!$D:$D,(Precios!$A:$A<=$I18)*(Precios!$B:$B>=$I18)"&"*(Precios!$C:$C=O$37)),1)*(IF($K$10=""Sí"",0.94,1)),""""),"""")=0,"""",IF(COUNT($I$6:$I$13)>3,0.9,1)*IF(VLOOKUP(LEFT(O$37,SEARCH(""☃"",SUBSTITUTE(O$37,"" "",""☃"",LEN(O$37)-LEN(SUBSTITUTE(O$37,"" "",""""))))-1),Excepciones!$A:$B,2,0)>=0,IFERROR(INDEX(FILT"&"ER(Precios!$D:$D,(Precios!$A:$A<=$I18)*(Precios!$B:$B>=$I18)*(Precios!$C:$C=O$37)),1)*(IF($K$10=""Sí"",0.94,1)),""""),"""")),"""") "),"") | Q69: =IFERROR(__xludf.DUMMYFUNCTION("IFERROR(IF(IF(COUNT($I$6:$I$13)>3,0.9,1)*IF(VLOOKUP(LEFT(Q$37,SEARCH(""☃"",SUBSTITUTE(Q$37,"" "",""☃"",LEN(Q$37)-LEN(SUBSTITUTE(Q$37,"" "",""""))))-1),Excepciones!$A:$B,2,0)>=0,IFERROR(INDEX(FILTER(Precios!$D:$D,(Precios!$A:$A<=$I18)*(Precios!$B:$B>=$I18)"&"*(Precios!$C:$C=Q$37)),1)*(IF($K$10=""Sí"",0.94,1)),""""),"""")=0,"""",IF(COUNT($I$6:$I$13)>3,0.9,1)*IF(VLOOKUP(LEFT(Q$37,SEARCH(""☃"",SUBSTITUTE(Q$37,"" "",""☃"",LEN(Q$37)-LEN(SUBSTITUTE(Q$37,"" "",""""))))-1),Excepciones!$A:$B,2,0)>=0,IFERROR(INDEX(FILT"&"ER(Precios!$D:$D,(Precios!$A:$A<=$I18)*(Precios!$B:$B>=$I18)*(Precios!$C:$C=Q$37)),1)*(IF($K$10=""Sí"",0.94,1)),""""),"""")),"""") "),"") | R69: =IFERROR(__xludf.DUMMYFUNCTION("IFERROR(IF(IF(COUNT($I$6:$I$13)>3,0.9,1)*IF(VLOOKUP(LEFT(R$37,SEARCH(""☃"",SUBSTITUTE(R$37,"" "",""☃"",LEN(R$37)-LEN(SUBSTITUTE(R$37,"" "",""""))))-1),Excepciones!$A:$B,2,0)>=0,IFERROR(INDEX(FILTER(Precios!$D:$D,(Precios!$A:$A<=$I18)*(Precios!$B:$B>=$I18)"&"*(Precios!$C:$C=R$37)),1)*(IF($K$10=""Sí"",0.94,1)),""""),"""")=0,"""",IF(COUNT($I$6:$I$13)>3,0.9,1)*IF(VLOOKUP(LEFT(R$37,SEARCH(""☃"",SUBSTITUTE(R$37,"" "",""☃"",LEN(R$37)-LEN(SUBSTITUTE(R$37,"" "",""""))))-1),Excepciones!$A:$B,2,0)>=0,IFERROR(INDEX(FILT"&"ER(Precios!$D:$D,(Precios!$A:$A<=$I18)*(Precios!$B:$B>=$I18)*(Precios!$C:$C=R$37)),1)*(IF($K$10=""Sí"",0.94,1)),""""),"""")),"""") "),"") | T69: =IFERROR(__xludf.DUMMYFUNCTION("IFERROR(IF(IF(COUNT($I$6:$I$13)>3,0.9,1)*IF(VLOOKUP(LEFT(T$37,SEARCH(""☃"",SUBSTITUTE(T$37,"" "",""☃"",LEN(T$37)-LEN(SUBSTITUTE(T$37,"" "",""""))))-1),Excepciones!$A:$B,2,0)>=0,IFERROR(INDEX(FILTER(Precios!$D:$D,(Precios!$A:$A<=$I18)*(Precios!$B:$B>=$I18)"&"*(Precios!$C:$C=T$37)),1)*(IF($K$10=""Sí"",0.94,1)),""""),"""")=0,"""",IF(COUNT($I$6:$I$13)>3,0.9,1)*IF(VLOOKUP(LEFT(T$37,SEARCH(""☃"",SUBSTITUTE(T$37,"" "",""☃"",LEN(T$37)-LEN(SUBSTITUTE(T$37,"" "",""""))))-1),Excepciones!$A:$B,2,0)>=0,IFERROR(INDEX(FILT"&"ER(Precios!$D:$D,(Precios!$A:$A<=$I18)*(Precios!$B:$B>=$I18)*(Precios!$C:$C=T$37)),1)*(IF($K$10=""Sí"",0.94,1)),""""),"""")),"""") "),"") | U69: =IFERROR(__xludf.DUMMYFUNCTION("IFERROR(IF(IF(COUNT($I$6:$I$13)>=3,0.9,1)*IF(VLOOKUP(LEFT(U$37,SEARCH(""☃"",SUBSTITUTE(U$37,"" "",""☃"",LEN(U$37)-LEN(SUBSTITUTE(U$37,"" "",""""))))-1),Excepciones!$A:$B,2,0)>=0,IFERROR(INDEX(FILTER(Precios!$D:$D,(Precios!$A:$A<=$I18)*(Precios!$B:$B>=$I18"&")*(Precios!$C:$C=U$37)),1)*(IF($K$10=""Sí"",0.94,1)),""""),"""")=0,"""",IF(COUNT($I$6:$I$13)>=3,0.9,1)*IF(VLOOKUP(LEFT(U$37,SEARCH(""☃"",SUBSTITUTE(U$37,"" "",""☃"",LEN(U$37)-LEN(SUBSTITUTE(U$37,"" "",""""))))-1),Excepciones!$A:$B,2,0)>=0,IFERROR(INDEX(FI"&"LTER(Precios!$D:$D,(Precios!$A:$A<=$I18)*(Precios!$B:$B>=$I18)*(Precios!$C:$C=U$37)),1)*(IF($K$10=""Sí"",0.94,1)),""""),"""")),"""") "),"") | W69: =IFERROR(__xludf.DUMMYFUNCTION("IFERROR(IF($I18="""","""",IF(VLOOKUP(LEFT(W$37,SEARCH(""☃"",SUBSTITUTE(W$37,"" "",""☃"",LEN(W$37)-LEN(SUBSTITUTE(W$37,"" "",""""))))-1),Excepciones!$A:$B,2,0)>=0,IFERROR(INDEX(filter(Precios!$D:$D,(Precios!$A:$A<=$I18)*(Precios!$B:$B>=$I18)*(Precios!$C:$C"&"=W$37)),1)*1,""""),"""")),"""")"),"") | Y69: =IFERROR(__xludf.DUMMYFUNCTION("IFERROR(IF($I18="""","""",IF(VLOOKUP(LEFT(Y$37,SEARCH(""☃"",SUBSTITUTE(Y$37,"" "",""☃"",LEN(Y$37)-LEN(SUBSTITUTE(Y$37,"" "",""""))))-1),Excepciones!$A:$B,2,0)>=0,IFERROR(INDEX(filter(Precios!$D:$D,(Precios!$A:$A<=$I18)*(Precios!$B:$B>=$I18)*(Precios!$C:$C"&"=Y$37)),1)*1,""No asegurable""),""No asegurable"")),"""")"),"") | Z69: =IFERROR(__xludf.DUMMYFUNCTION("IFERROR(IF($I18="""","""",IF(VLOOKUP(LEFT(Z$37,SEARCH(""☃"",SUBSTITUTE(Z$37,"" "",""☃"",LEN(Z$37)-LEN(SUBSTITUTE(Z$37,"" "",""""))))-1),Excepciones!$A:$B,2,0)>=0,IFERROR(INDEX(filter(Precios!$D:$D,(Precios!$A:$A<=$I18)*(Precios!$B:$B>=$I18)*(Precios!$C:$C"&"=Z$37)),1)*1,""No asegurable""),""No asegurable"")),"""")"),"") | AA69: =IFERROR(__xludf.DUMMYFUNCTION("IFERROR(IF($I18="""","""",IF(VLOOKUP(LEFT(AA$37,SEARCH(""☃"",SUBSTITUTE(AA$37,"" "",""☃"",LEN(AA$37)-LEN(SUBSTITUTE(AA$37,"" "",""""))))-1),Excepciones!$A:$B,2,0)>=0,IFERROR(INDEX(filter(Precios!$D:$D,(Precios!$A:$A<=$I18)*(Precios!$B:$B>=$I18)*(Precios!$"&"C:$C=AA$37)),1)*1,""No asegurable""),""No asegurable"")),"""")"),"") | AB69: =IFERROR(__xludf.DUMMYFUNCTION("IFERROR(IF($I18="""","""",IF(VLOOKUP(LEFT(AB$37,SEARCH(""☃"",SUBSTITUTE(AB$37,"" "",""☃"",LEN(AB$37)-LEN(SUBSTITUTE(AB$37,"" "",""""))))-1),Excepciones!$A:$B,2,0)>=0,IFERROR(INDEX(filter(Precios!$D:$D,(Precios!$A:$A<=$I18)*(Precios!$B:$B>=$I18)*(Precios!$"&"C:$C=AB$37)),1)*1,""No asegurable""),""No asegurable"")),"""")"),"") | AC69: =IFERROR(__xludf.DUMMYFUNCTION("IFERROR(IF($I18="""","""",IF(VLOOKUP(LEFT(AC$37,SEARCH(""☃"",SUBSTITUTE(AC$37,"" "",""☃"",LEN(AC$37)-LEN(SUBSTITUTE(AC$37,"" "",""""))))-1),Excepciones!$A:$B,2,0)>=0,IFERROR(INDEX(filter(Precios!$D:$D,(Precios!$A:$A<=$I18)*(Precios!$B:$B>=$I18)*(Precios!$"&"C:$C=AC$37)),1)*1,""No asegurable""),""No asegurable"")),"""")"),"")
L70: 14 | N70: =IFERROR(__xludf.DUMMYFUNCTION("IFERROR(IF($I19="""","""",IF($K$8>0,"""",IF(COUNT($I$6:$I$13)>1,0.9,1)*IF(VLOOKUP(LEFT(N$37,SEARCH(""☃"",SUBSTITUTE(N$37,"" "",""☃"",LEN(N$37)-LEN(SUBSTITUTE(N$37,"" "",""""))))-1),Excepciones!$A:$B,2,0)>=0,IFERROR(INDEX(FILTER(Precios!$D:$D,(Precios!$A:$"&"A<=$I19)*(Precios!$B:$B>=$I19)*(Precios!$C:$C=N$37)),1)*(1-$K$6),""No asegurable""),""No asegurable""))),"""") "),"") | O70: =IFERROR(__xludf.DUMMYFUNCTION("IFERROR(IF(IF(COUNT($I$6:$I$13)>3,0.9,1)*IF(VLOOKUP(LEFT(O$37,SEARCH(""☃"",SUBSTITUTE(O$37,"" "",""☃"",LEN(O$37)-LEN(SUBSTITUTE(O$37,"" "",""""))))-1),Excepciones!$A:$B,2,0)>=0,IFERROR(INDEX(FILTER(Precios!$D:$D,(Precios!$A:$A<=$I19)*(Precios!$B:$B>=$I19)"&"*(Precios!$C:$C=O$37)),1)*(IF($K$10=""Sí"",0.94,1)),""""),"""")=0,"""",IF(COUNT($I$6:$I$13)>3,0.9,1)*IF(VLOOKUP(LEFT(O$37,SEARCH(""☃"",SUBSTITUTE(O$37,"" "",""☃"",LEN(O$37)-LEN(SUBSTITUTE(O$37,"" "",""""))))-1),Excepciones!$A:$B,2,0)>=0,IFERROR(INDEX(FILT"&"ER(Precios!$D:$D,(Precios!$A:$A<=$I19)*(Precios!$B:$B>=$I19)*(Precios!$C:$C=O$37)),1)*(IF($K$10=""Sí"",0.94,1)),""""),"""")),"""") "),"") | Q70: =IFERROR(__xludf.DUMMYFUNCTION("IFERROR(IF(IF(COUNT($I$6:$I$13)>3,0.9,1)*IF(VLOOKUP(LEFT(Q$37,SEARCH(""☃"",SUBSTITUTE(Q$37,"" "",""☃"",LEN(Q$37)-LEN(SUBSTITUTE(Q$37,"" "",""""))))-1),Excepciones!$A:$B,2,0)>=0,IFERROR(INDEX(FILTER(Precios!$D:$D,(Precios!$A:$A<=$I19)*(Precios!$B:$B>=$I19)"&"*(Precios!$C:$C=Q$37)),1)*(IF($K$10=""Sí"",0.94,1)),""""),"""")=0,"""",IF(COUNT($I$6:$I$13)>3,0.9,1)*IF(VLOOKUP(LEFT(Q$37,SEARCH(""☃"",SUBSTITUTE(Q$37,"" "",""☃"",LEN(Q$37)-LEN(SUBSTITUTE(Q$37,"" "",""""))))-1),Excepciones!$A:$B,2,0)>=0,IFERROR(INDEX(FILT"&"ER(Precios!$D:$D,(Precios!$A:$A<=$I19)*(Precios!$B:$B>=$I19)*(Precios!$C:$C=Q$37)),1)*(IF($K$10=""Sí"",0.94,1)),""""),"""")),"""") "),"") | R70: =IFERROR(__xludf.DUMMYFUNCTION("IFERROR(IF(IF(COUNT($I$6:$I$13)>3,0.9,1)*IF(VLOOKUP(LEFT(R$37,SEARCH(""☃"",SUBSTITUTE(R$37,"" "",""☃"",LEN(R$37)-LEN(SUBSTITUTE(R$37,"" "",""""))))-1),Excepciones!$A:$B,2,0)>=0,IFERROR(INDEX(FILTER(Precios!$D:$D,(Precios!$A:$A<=$I19)*(Precios!$B:$B>=$I19)"&"*(Precios!$C:$C=R$37)),1)*(IF($K$10=""Sí"",0.94,1)),""""),"""")=0,"""",IF(COUNT($I$6:$I$13)>3,0.9,1)*IF(VLOOKUP(LEFT(R$37,SEARCH(""☃"",SUBSTITUTE(R$37,"" "",""☃"",LEN(R$37)-LEN(SUBSTITUTE(R$37,"" "",""""))))-1),Excepciones!$A:$B,2,0)>=0,IFERROR(INDEX(FILT"&"ER(Precios!$D:$D,(Precios!$A:$A<=$I19)*(Precios!$B:$B>=$I19)*(Precios!$C:$C=R$37)),1)*(IF($K$10=""Sí"",0.94,1)),""""),"""")),"""") "),"") | T70: =IFERROR(__xludf.DUMMYFUNCTION("IFERROR(IF(IF(COUNT($I$6:$I$13)>3,0.9,1)*IF(VLOOKUP(LEFT(T$37,SEARCH(""☃"",SUBSTITUTE(T$37,"" "",""☃"",LEN(T$37)-LEN(SUBSTITUTE(T$37,"" "",""""))))-1),Excepciones!$A:$B,2,0)>=0,IFERROR(INDEX(FILTER(Precios!$D:$D,(Precios!$A:$A<=$I19)*(Precios!$B:$B>=$I19)"&"*(Precios!$C:$C=T$37)),1)*(IF($K$10=""Sí"",0.94,1)),""""),"""")=0,"""",IF(COUNT($I$6:$I$13)>3,0.9,1)*IF(VLOOKUP(LEFT(T$37,SEARCH(""☃"",SUBSTITUTE(T$37,"" "",""☃"",LEN(T$37)-LEN(SUBSTITUTE(T$37,"" "",""""))))-1),Excepciones!$A:$B,2,0)>=0,IFERROR(INDEX(FILT"&"ER(Precios!$D:$D,(Precios!$A:$A<=$I19)*(Precios!$B:$B>=$I19)*(Precios!$C:$C=T$37)),1)*(IF($K$10=""Sí"",0.94,1)),""""),"""")),"""") "),"") | U70: =IFERROR(__xludf.DUMMYFUNCTION("IFERROR(IF(IF(COUNT($I$6:$I$13)>=3,0.9,1)*IF(VLOOKUP(LEFT(U$37,SEARCH(""☃"",SUBSTITUTE(U$37,"" "",""☃"",LEN(U$37)-LEN(SUBSTITUTE(U$37,"" "",""""))))-1),Excepciones!$A:$B,2,0)>=0,IFERROR(INDEX(FILTER(Precios!$D:$D,(Precios!$A:$A<=$I19)*(Precios!$B:$B>=$I19"&")*(Precios!$C:$C=U$37)),1)*(IF($K$10=""Sí"",0.94,1)),""""),"""")=0,"""",IF(COUNT($I$6:$I$13)>=3,0.9,1)*IF(VLOOKUP(LEFT(U$37,SEARCH(""☃"",SUBSTITUTE(U$37,"" "",""☃"",LEN(U$37)-LEN(SUBSTITUTE(U$37,"" "",""""))))-1),Excepciones!$A:$B,2,0)>=0,IFERROR(INDEX(FI"&"LTER(Precios!$D:$D,(Precios!$A:$A<=$I19)*(Precios!$B:$B>=$I19)*(Precios!$C:$C=U$37)),1)*(IF($K$10=""Sí"",0.94,1)),""""),"""")),"""") "),"") | W70: =IFERROR(__xludf.DUMMYFUNCTION("IFERROR(IF($I19="""","""",IF(VLOOKUP(LEFT(W$37,SEARCH(""☃"",SUBSTITUTE(W$37,"" "",""☃"",LEN(W$37)-LEN(SUBSTITUTE(W$37,"" "",""""))))-1),Excepciones!$A:$B,2,0)>=0,IFERROR(INDEX(filter(Precios!$D:$D,(Precios!$A:$A<=$I19)*(Precios!$B:$B>=$I19)*(Precios!$C:$C"&"=W$37)),1)*1,""""),"""")),"""")"),"") | Y70: =IFERROR(__xludf.DUMMYFUNCTION("IFERROR(IF($I19="""","""",IF(VLOOKUP(LEFT(Y$37,SEARCH(""☃"",SUBSTITUTE(Y$37,"" "",""☃"",LEN(Y$37)-LEN(SUBSTITUTE(Y$37,"" "",""""))))-1),Excepciones!$A:$B,2,0)>=0,IFERROR(INDEX(filter(Precios!$D:$D,(Precios!$A:$A<=$I19)*(Precios!$B:$B>=$I19)*(Precios!$C:$C"&"=Y$37)),1)*1,""No asegurable""),""No asegurable"")),"""")"),"") | Z70: =IFERROR(__xludf.DUMMYFUNCTION("IFERROR(IF($I19="""","""",IF(VLOOKUP(LEFT(Z$37,SEARCH(""☃"",SUBSTITUTE(Z$37,"" "",""☃"",LEN(Z$37)-LEN(SUBSTITUTE(Z$37,"" "",""""))))-1),Excepciones!$A:$B,2,0)>=0,IFERROR(INDEX(filter(Precios!$D:$D,(Precios!$A:$A<=$I19)*(Precios!$B:$B>=$I19)*(Precios!$C:$C"&"=Z$37)),1)*1,""No asegurable""),""No asegurable"")),"""")"),"") | AA70: =IFERROR(__xludf.DUMMYFUNCTION("IFERROR(IF($I19="""","""",IF(VLOOKUP(LEFT(AA$37,SEARCH(""☃"",SUBSTITUTE(AA$37,"" "",""☃"",LEN(AA$37)-LEN(SUBSTITUTE(AA$37,"" "",""""))))-1),Excepciones!$A:$B,2,0)>=0,IFERROR(INDEX(filter(Precios!$D:$D,(Precios!$A:$A<=$I19)*(Precios!$B:$B>=$I19)*(Precios!$"&"C:$C=AA$37)),1)*1,""No asegurable""),""No asegurable"")),"""")"),"") | AB70: =IFERROR(__xludf.DUMMYFUNCTION("IFERROR(IF($I19="""","""",IF(VLOOKUP(LEFT(AB$37,SEARCH(""☃"",SUBSTITUTE(AB$37,"" "",""☃"",LEN(AB$37)-LEN(SUBSTITUTE(AB$37,"" "",""""))))-1),Excepciones!$A:$B,2,0)>=0,IFERROR(INDEX(filter(Precios!$D:$D,(Precios!$A:$A<=$I19)*(Precios!$B:$B>=$I19)*(Precios!$"&"C:$C=AB$37)),1)*1,""No asegurable""),""No asegurable"")),"""")"),"") | AC70: =IFERROR(__xludf.DUMMYFUNCTION("IFERROR(IF($I19="""","""",IF(VLOOKUP(LEFT(AC$37,SEARCH(""☃"",SUBSTITUTE(AC$37,"" "",""☃"",LEN(AC$37)-LEN(SUBSTITUTE(AC$37,"" "",""""))))-1),Excepciones!$A:$B,2,0)>=0,IFERROR(INDEX(filter(Precios!$D:$D,(Precios!$A:$A<=$I19)*(Precios!$B:$B>=$I19)*(Precios!$"&"C:$C=AC$37)),1)*1,""No asegurable""),""No asegurable"")),"""")"),"")
L71: 15 | N71: =IFERROR(__xludf.DUMMYFUNCTION("IFERROR(IF($I20="""","""",IF($K$8>0,"""",IF(COUNT($I$6:$I$13)>1,0.9,1)*IF(VLOOKUP(LEFT(N$37,SEARCH(""☃"",SUBSTITUTE(N$37,"" "",""☃"",LEN(N$37)-LEN(SUBSTITUTE(N$37,"" "",""""))))-1),Excepciones!$A:$B,2,0)>=0,IFERROR(INDEX(FILTER(Precios!$D:$D,(Precios!$A:$"&"A<=$I20)*(Precios!$B:$B>=$I20)*(Precios!$C:$C=N$37)),1)*(1-$K$6),""No asegurable""),""No asegurable""))),"""") "),"") | O71: =IFERROR(__xludf.DUMMYFUNCTION("IFERROR(IF(IF(COUNT($I$6:$I$13)>3,0.9,1)*IF(VLOOKUP(LEFT(O$37,SEARCH(""☃"",SUBSTITUTE(O$37,"" "",""☃"",LEN(O$37)-LEN(SUBSTITUTE(O$37,"" "",""""))))-1),Excepciones!$A:$B,2,0)>=0,IFERROR(INDEX(FILTER(Precios!$D:$D,(Precios!$A:$A<=$I20)*(Precios!$B:$B>=$I20)"&"*(Precios!$C:$C=O$37)),1)*(IF($K$10=""Sí"",0.94,1)),""""),"""")=0,"""",IF(COUNT($I$6:$I$13)>3,0.9,1)*IF(VLOOKUP(LEFT(O$37,SEARCH(""☃"",SUBSTITUTE(O$37,"" "",""☃"",LEN(O$37)-LEN(SUBSTITUTE(O$37,"" "",""""))))-1),Excepciones!$A:$B,2,0)>=0,IFERROR(INDEX(FILT"&"ER(Precios!$D:$D,(Precios!$A:$A<=$I20)*(Precios!$B:$B>=$I20)*(Precios!$C:$C=O$37)),1)*(IF($K$10=""Sí"",0.94,1)),""""),"""")),"""") "),"") | Q71: =IFERROR(__xludf.DUMMYFUNCTION("IFERROR(IF(IF(COUNT($I$6:$I$13)>3,0.9,1)*IF(VLOOKUP(LEFT(Q$37,SEARCH(""☃"",SUBSTITUTE(Q$37,"" "",""☃"",LEN(Q$37)-LEN(SUBSTITUTE(Q$37,"" "",""""))))-1),Excepciones!$A:$B,2,0)>=0,IFERROR(INDEX(FILTER(Precios!$D:$D,(Precios!$A:$A<=$I20)*(Precios!$B:$B>=$I20)"&"*(Precios!$C:$C=Q$37)),1)*(IF($K$10=""Sí"",0.94,1)),""""),"""")=0,"""",IF(COUNT($I$6:$I$13)>3,0.9,1)*IF(VLOOKUP(LEFT(Q$37,SEARCH(""☃"",SUBSTITUTE(Q$37,"" "",""☃"",LEN(Q$37)-LEN(SUBSTITUTE(Q$37,"" "",""""))))-1),Excepciones!$A:$B,2,0)>=0,IFERROR(INDEX(FILT"&"ER(Precios!$D:$D,(Precios!$A:$A<=$I20)*(Precios!$B:$B>=$I20)*(Precios!$C:$C=Q$37)),1)*(IF($K$10=""Sí"",0.94,1)),""""),"""")),"""") "),"") | R71: =IFERROR(__xludf.DUMMYFUNCTION("IFERROR(IF(IF(COUNT($I$6:$I$13)>3,0.9,1)*IF(VLOOKUP(LEFT(R$37,SEARCH(""☃"",SUBSTITUTE(R$37,"" "",""☃"",LEN(R$37)-LEN(SUBSTITUTE(R$37,"" "",""""))))-1),Excepciones!$A:$B,2,0)>=0,IFERROR(INDEX(FILTER(Precios!$D:$D,(Precios!$A:$A<=$I20)*(Precios!$B:$B>=$I20)"&"*(Precios!$C:$C=R$37)),1)*(IF($K$10=""Sí"",0.94,1)),""""),"""")=0,"""",IF(COUNT($I$6:$I$13)>3,0.9,1)*IF(VLOOKUP(LEFT(R$37,SEARCH(""☃"",SUBSTITUTE(R$37,"" "",""☃"",LEN(R$37)-LEN(SUBSTITUTE(R$37,"" "",""""))))-1),Excepciones!$A:$B,2,0)>=0,IFERROR(INDEX(FILT"&"ER(Precios!$D:$D,(Precios!$A:$A<=$I20)*(Precios!$B:$B>=$I20)*(Precios!$C:$C=R$37)),1)*(IF($K$10=""Sí"",0.94,1)),""""),"""")),"""") "),"") | T71: =IFERROR(__xludf.DUMMYFUNCTION("IFERROR(IF(IF(COUNT($I$6:$I$13)>3,0.9,1)*IF(VLOOKUP(LEFT(T$37,SEARCH(""☃"",SUBSTITUTE(T$37,"" "",""☃"",LEN(T$37)-LEN(SUBSTITUTE(T$37,"" "",""""))))-1),Excepciones!$A:$B,2,0)>=0,IFERROR(INDEX(FILTER(Precios!$D:$D,(Precios!$A:$A<=$I20)*(Precios!$B:$B>=$I20)"&"*(Precios!$C:$C=T$37)),1)*(IF($K$10=""Sí"",0.94,1)),""""),"""")=0,"""",IF(COUNT($I$6:$I$13)>3,0.9,1)*IF(VLOOKUP(LEFT(T$37,SEARCH(""☃"",SUBSTITUTE(T$37,"" "",""☃"",LEN(T$37)-LEN(SUBSTITUTE(T$37,"" "",""""))))-1),Excepciones!$A:$B,2,0)>=0,IFERROR(INDEX(FILT"&"ER(Precios!$D:$D,(Precios!$A:$A<=$I20)*(Precios!$B:$B>=$I20)*(Precios!$C:$C=T$37)),1)*(IF($K$10=""Sí"",0.94,1)),""""),"""")),"""") "),"") | U71: =IFERROR(__xludf.DUMMYFUNCTION("IFERROR(IF(IF(COUNT($I$6:$I$13)>=3,0.9,1)*IF(VLOOKUP(LEFT(U$37,SEARCH(""☃"",SUBSTITUTE(U$37,"" "",""☃"",LEN(U$37)-LEN(SUBSTITUTE(U$37,"" "",""""))))-1),Excepciones!$A:$B,2,0)>=0,IFERROR(INDEX(FILTER(Precios!$D:$D,(Precios!$A:$A<=$I20)*(Precios!$B:$B>=$I20"&")*(Precios!$C:$C=U$37)),1)*(IF($K$10=""Sí"",0.94,1)),""""),"""")=0,"""",IF(COUNT($I$6:$I$13)>=3,0.9,1)*IF(VLOOKUP(LEFT(U$37,SEARCH(""☃"",SUBSTITUTE(U$37,"" "",""☃"",LEN(U$37)-LEN(SUBSTITUTE(U$37,"" "",""""))))-1),Excepciones!$A:$B,2,0)>=0,IFERROR(INDEX(FI"&"LTER(Precios!$D:$D,(Precios!$A:$A<=$I20)*(Precios!$B:$B>=$I20)*(Precios!$C:$C=U$37)),1)*(IF($K$10=""Sí"",0.94,1)),""""),"""")),"""") "),"") | W71: =IFERROR(__xludf.DUMMYFUNCTION("IFERROR(IF($I20="""","""",IF(VLOOKUP(LEFT(W$37,SEARCH(""☃"",SUBSTITUTE(W$37,"" "",""☃"",LEN(W$37)-LEN(SUBSTITUTE(W$37,"" "",""""))))-1),Excepciones!$A:$B,2,0)>=0,IFERROR(INDEX(filter(Precios!$D:$D,(Precios!$A:$A<=$I20)*(Precios!$B:$B>=$I20)*(Precios!$C:$C"&"=W$37)),1)*1,""""),"""")),"""")"),"") | Y71: =IFERROR(__xludf.DUMMYFUNCTION("IFERROR(IF($I20="""","""",IF(VLOOKUP(LEFT(Y$37,SEARCH(""☃"",SUBSTITUTE(Y$37,"" "",""☃"",LEN(Y$37)-LEN(SUBSTITUTE(Y$37,"" "",""""))))-1),Excepciones!$A:$B,2,0)>=0,IFERROR(INDEX(filter(Precios!$D:$D,(Precios!$A:$A<=$I20)*(Precios!$B:$B>=$I20)*(Precios!$C:$C"&"=Y$37)),1)*1,""No asegurable""),""No asegurable"")),"""")"),"") | Z71: =IFERROR(__xludf.DUMMYFUNCTION("IFERROR(IF($I20="""","""",IF(VLOOKUP(LEFT(Z$37,SEARCH(""☃"",SUBSTITUTE(Z$37,"" "",""☃"",LEN(Z$37)-LEN(SUBSTITUTE(Z$37,"" "",""""))))-1),Excepciones!$A:$B,2,0)>=0,IFERROR(INDEX(filter(Precios!$D:$D,(Precios!$A:$A<=$I20)*(Precios!$B:$B>=$I20)*(Precios!$C:$C"&"=Z$37)),1)*1,""No asegurable""),""No asegurable"")),"""")"),"") | AA71: =IFERROR(__xludf.DUMMYFUNCTION("IFERROR(IF($I20="""","""",IF(VLOOKUP(LEFT(AA$37,SEARCH(""☃"",SUBSTITUTE(AA$37,"" "",""☃"",LEN(AA$37)-LEN(SUBSTITUTE(AA$37,"" "",""""))))-1),Excepciones!$A:$B,2,0)>=0,IFERROR(INDEX(filter(Precios!$D:$D,(Precios!$A:$A<=$I20)*(Precios!$B:$B>=$I20)*(Precios!$"&"C:$C=AA$37)),1)*1,""No asegurable""),""No asegurable"")),"""")"),"") | AB71: =IFERROR(__xludf.DUMMYFUNCTION("IFERROR(IF($I20="""","""",IF(VLOOKUP(LEFT(AB$37,SEARCH(""☃"",SUBSTITUTE(AB$37,"" "",""☃"",LEN(AB$37)-LEN(SUBSTITUTE(AB$37,"" "",""""))))-1),Excepciones!$A:$B,2,0)>=0,IFERROR(INDEX(filter(Precios!$D:$D,(Precios!$A:$A<=$I20)*(Precios!$B:$B>=$I20)*(Precios!$"&"C:$C=AB$37)),1)*1,""No asegurable""),""No asegurable"")),"""")"),"") | AC71: =IFERROR(__xludf.DUMMYFUNCTION("IFERROR(IF($I20="""","""",IF(VLOOKUP(LEFT(AC$37,SEARCH(""☃"",SUBSTITUTE(AC$37,"" "",""☃"",LEN(AC$37)-LEN(SUBSTITUTE(AC$37,"" "",""""))))-1),Excepciones!$A:$B,2,0)>=0,IFERROR(INDEX(filter(Precios!$D:$D,(Precios!$A:$A<=$I20)*(Precios!$B:$B>=$I20)*(Precios!$"&"C:$C=AC$37)),1)*1,""No asegurable""),""No asegurable"")),"""")"),"")
L73: SIN DTO CON DENTAL | N73: ="Go"&" "&$K$3 -> Go 2 | O73: ="Plena Vital"&" "&$K$3 -> Plena Vital 2 | P73: ="Plena Total vital"&" "&$K$3 -> Plena Total vital 2 | Q73: ="Plena"&" "&$K$3 -> Plena 2 | R73: ="Plena Plus"&" "&$K$3 -> Plena Plus 2 | S73: ="Plena Total"&" "&$K$3 -> Plena Total 2 | T73: ="Plena Extra 150"&" "&$K$3 -> Plena Extra 150 2 | U73: ="Seniors"&" "&$K$3 -> Seniors 2 | V73: ="Seniors total"&" "&$K$3 -> Seniors total 2 | W73: ="Negocios NIF"&" "&$K$3 -> Negocios NIF 2 | X73: ="Pymes TOTAL"&" "&$K$3 -> Pymes TOTAL 2 | Y73: =IF(OR(COUNT(I54:I60)=1,COUNT(I54:I60)=2),"Extra Negocios NIF"&" "&$K$3&" "&COUNT(I54:I60),"Extra Negocios NIF"&" "&$K$3) -> Extra Negocios NIF 2 | Z73: ="Negocios CIF"&" "&$K$3 -> Negocios CIF 2 | AA73: ="Extra Negocios CIF"&" "&$K$3 -> Extra Negocios CIF 2 | AB73: ="Empresas"&" "&$K$3 -> Empresas 2 | AC73: ="Extra Empresas"&" "&$K$3 -> Extra Empresas 2
L75: 1 | N75: =IF(OR(N57="",N57=0),"",N57+(VLOOKUP(COUNT($I$6:$I$13),Precios!$F:$H,2,0))) -> 23.8125 | O75: =IF(OR(O57="",O57=0),"",O57+(VLOOKUP(COUNT($I$6:$I$13),Precios!$F:$H,2,0))) -> 49.9125 | P75: =IFERROR(__xludf.DUMMYFUNCTION("IFERROR(IF($K$10=""Sí"","""",IF($I6="""","""",IF(VLOOKUP(LEFT(P$37,SEARCH(""☃"",SUBSTITUTE(P$37,"" "",""☃"",LEN(P$37)-LEN(SUBSTITUTE(P$37,"" "",""""))))-1),Excepciones!$A:$B,2,0)>=0,IF(INDEX(FILTER(Precios!$D:$D,(Precios!$A:$A<=$I6)*(Precios!$B:$B>=$I6)*("&"Precios!$C:$C=P$37)),1)*IF(COUNT($I$6:$I$13)>=5,0.85,IF(COUNT($I$6:$I$13)>=4,0.9,IF(COUNT($I$6:$I$13)>=3,0.95,1)))=0,"""",INDEX(FILTER(Precios!$D:$D,(Precios!$A:$A<=$I6)*(Precios!$B:$B>=$I6)*(Precios!$C:$C=P$37)),1)*IF(COUNT($I$6:$I$13)>=5,0.85,IF(COUNT($"&"I$6:$I$13)>=4,0.9,IF(COUNT($I$6:$I$13)>=3,0.95,1)))),""""))), """") "),54.9) -> 54.9 | Q75: =IF(OR(Q57="",Q57=0),"",Q57+(VLOOKUP(COUNT($I$6:$I$13),Precios!$F:$H,2,0))) -> 60.2625 | R75: =IF(OR(R57="",R57=0),"",R57+(VLOOKUP(COUNT($I$6:$I$13),Precios!$F:$H,2,0))) -> 71.9625 | S75: =IFERROR(__xludf.DUMMYFUNCTION("IFERROR(IF($K$10=""Sí"","""",IF($I6="""","""",IF(VLOOKUP(LEFT(S$37,SEARCH(""☃"",SUBSTITUTE(S$37,"" "",""☃"",LEN(S$37)-LEN(SUBSTITUTE(S$37,"" "",""""))))-1),Excepciones!$A:$B,2,0)>=0,IF(INDEX(FILTER(Precios!$D:$D,(Precios!$A:$A<=$I6)*(Precios!$B:$B>=$I6)*("&"Precios!$C:$C=S$37)),1)*IF(COUNT($I$6:$I$13)>=5,0.85,IF(COUNT($I$6:$I$13)>=4,0.9,IF(COUNT($I$6:$I$13)>=3,0.95,1)))=0,"""",INDEX(FILTER(Precios!$D:$D,(Precios!$A:$A<=$I6)*(Precios!$B:$B>=$I6)*(Precios!$C:$C=S$37)),1)*IF(COUNT($I$6:$I$13)>=5,0.85,IF(COUNT($"&"I$6:$I$13)>=4,0.9,IF(COUNT($I$6:$I$13)>=3,0.95,1)))),""""))), """") "),92.7) -> 92.7 | T75: =IFERROR(__xludf.DUMMYFUNCTION("IFERROR(IF($I6="""","""",IF(VLOOKUP(LEFT(T$37,SEARCH(""☃"",SUBSTITUTE(T$37,"" "",""☃"",LEN(T$37)-LEN(SUBSTITUTE(T$37,"" "",""""))))-1),Excepciones!$A:$B,2,0)>=0,IFERROR((INDEX(filter(Precios!$D:$D,(Precios!$A:$A<=$I6)*(Precios!$B:$B>=$I6)*(Precios!$C:$C=T"&"$37)),1)+VLOOKUP(COUNT($I$6:$I$13),Precios!$F:$G,2,0)),""""),"""")),"""")"),114.4625) -> 114.4625 | U75: =IF(OR(U57="",U57=0),"",U57+(VLOOKUP(COUNT($I$6:$I$13),Precios!$F:$H,2,0))) | V75: =IFERROR(__xludf.DUMMYFUNCTION("IFERROR(IF($K$10=""Sí"","""",IF($I6="""","""",IF(VLOOKUP(LEFT(V$37,SEARCH(""☃"",SUBSTITUTE(V$37,"" "",""☃"",LEN(V$37)-LEN(SUBSTITUTE(V$37,"" "",""""))))-1),Excepciones!$A:$B,2,0)>=0,IF(INDEX(FILTER(Precios!$D:$D,(Precios!$A:$A<=$I6)*(Precios!$B:$B>=$I6)*("&"Precios!$C:$C=V$37)),1)*IF(COUNT($I$6:$I$13)>=5,0.85,IF(COUNT($I$6:$I$13)>=4,0.9,IF(COUNT($I$6:$I$13)>=3,0.95,1)))=0,"""",INDEX(FILTER(Precios!$D:$D,(Precios!$A:$A<=$I6)*(Precios!$B:$B>=$I6)*(Precios!$C:$C=V$37)),1)*IF(COUNT($I$6:$I$13)>=5,0.85,IF(COUNT($"&"I$6:$I$13)>=4,0.9,IF(COUNT($I$6:$I$13)>=3,0.95,1)))),""""))), """") "),"") | W75: =IFERROR(__xludf.DUMMYFUNCTION("IFERROR(IF($I6="""","""",IF(VLOOKUP(LEFT(W$37,SEARCH(""☃"",SUBSTITUTE(W$37,"" "",""☃"",LEN(W$37)-LEN(SUBSTITUTE(W$37,"" "",""""))))-1),Excepciones!$A:$B,2,0)>=0,IFERROR((INDEX(filter(Precios!$D:$D,(Precios!$A:$A<=$I6)*(Precios!$B:$B>=$I6)*(Precios!$C:$C=W"&"$37)),1)+VLOOKUP(COUNT($I$6:$I$13),Precios!$F:$G,2,0)),""No asegurable""),""No asegurable"")),"""")"),67.9625) -> 67.9625 | X75: =IFERROR(__xludf.DUMMYFUNCTION("IF($K$10=""Sí"","""",IFERROR(IF($I6="""","""",IF(VLOOKUP(LEFT(X$37,SEARCH(""☃"",SUBSTITUTE(X$37,"" "",""☃"",LEN(X$37)-LEN(SUBSTITUTE(X$37,"" "",""""))))-1),Excepciones!$A:$B,2,0)>=0,IFERROR(INDEX(filter(Precios!$D:$D,(Precios!$A:$A<=$I6)*(Precios!$B:$B>=$"&"I6)*(Precios!$C:$C=X$37)),1),""No asegurable""),""No asegurable"")),""""))"),62.0) -> 62 | Y75: =IFERROR(__xludf.DUMMYFUNCTION("IFERROR(IF($I6="""","""",IF(VLOOKUP(LEFT(Y$37,SEARCH(""☃"",SUBSTITUTE(Y$37,"" "",""☃"",LEN(Y$37)-LEN(SUBSTITUTE(Y$37,"" "",""""))))-1),Excepciones!$A:$B,2,0)>=0,IFERROR(INDEX(filter(Precios!$D:$D,(Precios!$A:$A<=$I6)*(Precios!$B:$B>=$I6)*(Precios!$C:$C=Y$"&"37)),1)*1,""No asegurable""),""No asegurable"")),"""")"),"") | Z75: =IFERROR(__xludf.DUMMYFUNCTION("IFERROR(IF($I6="""","""",IF(VLOOKUP(LEFT(Z$37,SEARCH(""☃"",SUBSTITUTE(Z$37,"" "",""☃"",LEN(Z$37)-LEN(SUBSTITUTE(Z$37,"" "",""""))))-1),Excepciones!$A:$B,2,0)>=0,IFERROR(INDEX(filter(Precios!$D:$D,(Precios!$A:$A<=$I6)*(Precios!$B:$B>=$I6)*(Precios!$C:$C=Z$"&"37)),1)*1,""No asegurable""),""No asegurable"")),"""")"),52.0) -> 52 | AA75: =IFERROR(__xludf.DUMMYFUNCTION("IFERROR(IF($I6="""","""",IF(VLOOKUP(LEFT(AA$37,SEARCH(""☃"",SUBSTITUTE(AA$37,"" "",""☃"",LEN(AA$37)-LEN(SUBSTITUTE(AA$37,"" "",""""))))-1),Excepciones!$A:$B,2,0)>=0,IFERROR(INDEX(filter(Precios!$D:$D,(Precios!$A:$A<=$I6)*(Precios!$B:$B>=$I6)*(Precios!$C:$"&"C=AA$37)),1)*1,""No asegurable""),""No asegurable"")),"""")"),76.5) -> 76.5 | AB75: =IFERROR(__xludf.DUMMYFUNCTION("IFERROR(IF($I6="""","""",IF(VLOOKUP(LEFT(AB$37,SEARCH(""☃"",SUBSTITUTE(AB$37,"" "",""☃"",LEN(AB$37)-LEN(SUBSTITUTE(AB$37,"" "",""""))))-1),Excepciones!$A:$B,2,0)>=0,IFERROR(INDEX(filter(Precios!$D:$D,(Precios!$A:$A<=$I6)*(Precios!$B:$B>=$I6)*(Precios!$C:$"&"C=AB$37)),1)*1,""No asegurable""),""No asegurable"")),"""")"),58.5) -> 58.5 | AC75: =IFERROR(__xludf.DUMMYFUNCTION("IFERROR(IF($I6="""","""",IF(VLOOKUP(LEFT(AC$37,SEARCH(""☃"",SUBSTITUTE(AC$37,"" "",""☃"",LEN(AC$37)-LEN(SUBSTITUTE(AC$37,"" "",""""))))-1),Excepciones!$A:$B,2,0)>=0,IFERROR(INDEX(filter(Precios!$D:$D,(Precios!$A:$A<=$I6)*(Precios!$B:$B>=$I6)*(Precios!$C:$"&"C=AC$37)),1)*1,""No asegurable""),""No asegurable"")),"""")"),81.5) -> 81.5
L76: 2 | N76: =IF(OR(N58="",N58=0),"",N58+(VLOOKUP(COUNT($I$6:$I$13),Precios!$F:$H,2,0))) -> 23.8125 | O76: =IF(OR(O58="",O58=0),"",O58+(VLOOKUP(COUNT($I$6:$I$13),Precios!$F:$H,2,0))) -> 49.9125 | P76: =IFERROR(__xludf.DUMMYFUNCTION("IFERROR(IF($K$10=""Sí"","""",IF($I7="""","""",IF(VLOOKUP(LEFT(P$37,SEARCH(""☃"",SUBSTITUTE(P$37,"" "",""☃"",LEN(P$37)-LEN(SUBSTITUTE(P$37,"" "",""""))))-1),Excepciones!$A:$B,2,0)>=0,IF(INDEX(FILTER(Precios!$D:$D,(Precios!$A:$A<=$I7)*(Precios!$B:$B>=$I7)*("&"Precios!$C:$C=P$37)),1)*IF(COUNT($I$6:$I$13)>=5,0.85,IF(COUNT($I$6:$I$13)>=4,0.9,IF(COUNT($I$6:$I$13)>=3,0.95,1)))=0,"""",INDEX(FILTER(Precios!$D:$D,(Precios!$A:$A<=$I7)*(Precios!$B:$B>=$I7)*(Precios!$C:$C=P$37)),1)*IF(COUNT($I$6:$I$13)>=5,0.85,IF(COUNT($"&"I$6:$I$13)>=4,0.9,IF(COUNT($I$6:$I$13)>=3,0.95,1)))),""""))), """") "),54.9) -> 54.9 | Q76: =IF(OR(Q58="",Q58=0),"",Q58+(VLOOKUP(COUNT($I$6:$I$13),Precios!$F:$H,2,0))) -> 60.2625 | R76: =IF(OR(R58="",R58=0),"",R58+(VLOOKUP(COUNT($I$6:$I$13),Precios!$F:$H,2,0))) -> 71.9625 | S76: =IFERROR(__xludf.DUMMYFUNCTION("IFERROR(IF($K$10=""Sí"","""",IF($I7="""","""",IF(VLOOKUP(LEFT(S$37,SEARCH(""☃"",SUBSTITUTE(S$37,"" "",""☃"",LEN(S$37)-LEN(SUBSTITUTE(S$37,"" "",""""))))-1),Excepciones!$A:$B,2,0)>=0,IF(INDEX(FILTER(Precios!$D:$D,(Precios!$A:$A<=$I7)*(Precios!$B:$B>=$I7)*("&"Precios!$C:$C=S$37)),1)*IF(COUNT($I$6:$I$13)>=5,0.85,IF(COUNT($I$6:$I$13)>=4,0.9,IF(COUNT($I$6:$I$13)>=3,0.95,1)))=0,"""",INDEX(FILTER(Precios!$D:$D,(Precios!$A:$A<=$I7)*(Precios!$B:$B>=$I7)*(Precios!$C:$C=S$37)),1)*IF(COUNT($I$6:$I$13)>=5,0.85,IF(COUNT($"&"I$6:$I$13)>=4,0.9,IF(COUNT($I$6:$I$13)>=3,0.95,1)))),""""))), """") "),92.7) -> 92.7 | T76: =IFERROR(__xludf.DUMMYFUNCTION("IFERROR(IF($I7="""","""",IF(VLOOKUP(LEFT(T$37,SEARCH(""☃"",SUBSTITUTE(T$37,"" "",""☃"",LEN(T$37)-LEN(SUBSTITUTE(T$37,"" "",""""))))-1),Excepciones!$A:$B,2,0)>=0,IFERROR((INDEX(filter(Precios!$D:$D,(Precios!$A:$A<=$I7)*(Precios!$B:$B>=$I7)*(Precios!$C:$C=T"&"$37)),1)+VLOOKUP(COUNT($I$6:$I$13),Precios!$F:$G,2,0)),""""),"""")),"""")"),114.4625) -> 114.4625 | U76: =IF(OR(U58="",U58=0),"",U58+(VLOOKUP(COUNT($I$6:$I$13),Precios!$F:$H,2,0))) | V76: =IFERROR(__xludf.DUMMYFUNCTION("IFERROR(IF($K$10=""Sí"","""",IF($I7="""","""",IF(VLOOKUP(LEFT(V$37,SEARCH(""☃"",SUBSTITUTE(V$37,"" "",""☃"",LEN(V$37)-LEN(SUBSTITUTE(V$37,"" "",""""))))-1),Excepciones!$A:$B,2,0)>=0,IF(INDEX(FILTER(Precios!$D:$D,(Precios!$A:$A<=$I7)*(Precios!$B:$B>=$I7)*("&"Precios!$C:$C=V$37)),1)*IF(COUNT($I$6:$I$13)>=5,0.85,IF(COUNT($I$6:$I$13)>=4,0.9,IF(COUNT($I$6:$I$13)>=3,0.95,1)))=0,"""",INDEX(FILTER(Precios!$D:$D,(Precios!$A:$A<=$I7)*(Precios!$B:$B>=$I7)*(Precios!$C:$C=V$37)),1)*IF(COUNT($I$6:$I$13)>=5,0.85,IF(COUNT($"&"I$6:$I$13)>=4,0.9,IF(COUNT($I$6:$I$13)>=3,0.95,1)))),""""))), """") "),"") | W76: =IFERROR(__xludf.DUMMYFUNCTION("IFERROR(IF($I7="""","""",IF(VLOOKUP(LEFT(W$37,SEARCH(""☃"",SUBSTITUTE(W$37,"" "",""☃"",LEN(W$37)-LEN(SUBSTITUTE(W$37,"" "",""""))))-1),Excepciones!$A:$B,2,0)>=0,IFERROR((INDEX(filter(Precios!$D:$D,(Precios!$A:$A<=$I7)*(Precios!$B:$B>=$I7)*(Precios!$C:$C=W"&"$37)),1)+VLOOKUP(COUNT($I$6:$I$13),Precios!$F:$G,2,0)),""No asegurable""),""No asegurable"")),"""")"),67.9625) -> 67.9625 | X76: =IFERROR(__xludf.DUMMYFUNCTION("IF($K$10=""Sí"","""",IFERROR(IF($I7="""","""",IF(VLOOKUP(LEFT(X$37,SEARCH(""☃"",SUBSTITUTE(X$37,"" "",""☃"",LEN(X$37)-LEN(SUBSTITUTE(X$37,"" "",""""))))-1),Excepciones!$A:$B,2,0)>=0,IFERROR(INDEX(filter(Precios!$D:$D,(Precios!$A:$A<=$I7)*(Precios!$B:$B>=$"&"I7)*(Precios!$C:$C=X$37)),1),""No asegurable""),""No asegurable"")),""""))"),62.0) -> 62 | Y76: =IFERROR(__xludf.DUMMYFUNCTION("IFERROR(IF($I7="""","""",IF(VLOOKUP(LEFT(Y$37,SEARCH(""☃"",SUBSTITUTE(Y$37,"" "",""☃"",LEN(Y$37)-LEN(SUBSTITUTE(Y$37,"" "",""""))))-1),Excepciones!$A:$B,2,0)>=0,IFERROR(INDEX(filter(Precios!$D:$D,(Precios!$A:$A<=$I7)*(Precios!$B:$B>=$I7)*(Precios!$C:$C=Y$"&"37)),1)*1,""No asegurable""),""No asegurable"")),"""")"),"") | Z76: =IFERROR(__xludf.DUMMYFUNCTION("IFERROR(IF($I7="""","""",IF(VLOOKUP(LEFT(Z$37,SEARCH(""☃"",SUBSTITUTE(Z$37,"" "",""☃"",LEN(Z$37)-LEN(SUBSTITUTE(Z$37,"" "",""""))))-1),Excepciones!$A:$B,2,0)>=0,IFERROR(INDEX(filter(Precios!$D:$D,(Precios!$A:$A<=$I7)*(Precios!$B:$B>=$I7)*(Precios!$C:$C=Z$"&"37)),1)*1,""No asegurable""),""No asegurable"")),"""")"),52.0) -> 52 | AA76: =IFERROR(__xludf.DUMMYFUNCTION("IFERROR(IF($I7="""","""",IF(VLOOKUP(LEFT(AA$37,SEARCH(""☃"",SUBSTITUTE(AA$37,"" "",""☃"",LEN(AA$37)-LEN(SUBSTITUTE(AA$37,"" "",""""))))-1),Excepciones!$A:$B,2,0)>=0,IFERROR(INDEX(filter(Precios!$D:$D,(Precios!$A:$A<=$I7)*(Precios!$B:$B>=$I7)*(Precios!$C:$"&"C=AA$37)),1)*1,""No asegurable""),""No asegurable"")),"""")"),76.5) -> 76.5 | AB76: =IFERROR(__xludf.DUMMYFUNCTION("IFERROR(IF($I7="""","""",IF(VLOOKUP(LEFT(AB$37,SEARCH(""☃"",SUBSTITUTE(AB$37,"" "",""☃"",LEN(AB$37)-LEN(SUBSTITUTE(AB$37,"" "",""""))))-1),Excepciones!$A:$B,2,0)>=0,IFERROR(INDEX(filter(Precios!$D:$D,(Precios!$A:$A<=$I7)*(Precios!$B:$B>=$I7)*(Precios!$C:$"&"C=AB$37)),1)*1,""No asegurable""),""No asegurable"")),"""")"),58.5) -> 58.5 | AC76: =IFERROR(__xludf.DUMMYFUNCTION("IFERROR(IF($I7="""","""",IF(VLOOKUP(LEFT(AC$37,SEARCH(""☃"",SUBSTITUTE(AC$37,"" "",""☃"",LEN(AC$37)-LEN(SUBSTITUTE(AC$37,"" "",""""))))-1),Excepciones!$A:$B,2,0)>=0,IFERROR(INDEX(filter(Precios!$D:$D,(Precios!$A:$A<=$I7)*(Precios!$B:$B>=$I7)*(Precios!$C:$"&"C=AC$37)),1)*1,""No asegurable""),""No asegurable"")),"""")"),81.5) -> 81.5
L77: 3 | N77: =IF(OR(N59="",N59=0),"",N59+(VLOOKUP(COUNT($I$6:$I$13),Precios!$F:$H,2,0))) -> 39.5625 | O77: =IF(OR(O59="",O59=0),"",O59+(VLOOKUP(COUNT($I$6:$I$13),Precios!$F:$H,2,0))) -> 89.9625 | P77: =IFERROR(__xludf.DUMMYFUNCTION("IFERROR(IF($K$10=""Sí"","""",IF($I8="""","""",IF(VLOOKUP(LEFT(P$37,SEARCH(""☃"",SUBSTITUTE(P$37,"" "",""☃"",LEN(P$37)-LEN(SUBSTITUTE(P$37,"" "",""""))))-1),Excepciones!$A:$B,2,0)>=0,IF(INDEX(FILTER(Precios!$D:$D,(Precios!$A:$A<=$I8)*(Precios!$B:$B>=$I8)*("&"Precios!$C:$C=P$37)),1)*IF(COUNT($I$6:$I$13)>=5,0.85,IF(COUNT($I$6:$I$13)>=4,0.9,IF(COUNT($I$6:$I$13)>=3,0.95,1)))=0,"""",INDEX(FILTER(Precios!$D:$D,(Precios!$A:$A<=$I8)*(Precios!$B:$B>=$I8)*(Precios!$C:$C=P$37)),1)*IF(COUNT($I$6:$I$13)>=5,0.85,IF(COUNT($"&"I$6:$I$13)>=4,0.9,IF(COUNT($I$6:$I$13)>=3,0.95,1)))),""""))), """") "),100.8) -> 100.8 | Q77: =IF(OR(Q59="",Q59=0),"",Q59+(VLOOKUP(COUNT($I$6:$I$13),Precios!$F:$H,2,0))) -> 100.7625 | R77: =IF(OR(R59="",R59=0),"",R59+(VLOOKUP(COUNT($I$6:$I$13),Precios!$F:$H,2,0))) -> 143.9625 | S77: =IFERROR(__xludf.DUMMYFUNCTION("IFERROR(IF($K$10=""Sí"","""",IF($I8="""","""",IF(VLOOKUP(LEFT(S$37,SEARCH(""☃"",SUBSTITUTE(S$37,"" "",""☃"",LEN(S$37)-LEN(SUBSTITUTE(S$37,"" "",""""))))-1),Excepciones!$A:$B,2,0)>=0,IF(INDEX(FILTER(Precios!$D:$D,(Precios!$A:$A<=$I8)*(Precios!$B:$B>=$I8)*("&"Precios!$C:$C=S$37)),1)*IF(COUNT($I$6:$I$13)>=5,0.85,IF(COUNT($I$6:$I$13)>=4,0.9,IF(COUNT($I$6:$I$13)>=3,0.95,1)))=0,"""",INDEX(FILTER(Precios!$D:$D,(Precios!$A:$A<=$I8)*(Precios!$B:$B>=$I8)*(Precios!$C:$C=S$37)),1)*IF(COUNT($I$6:$I$13)>=5,0.85,IF(COUNT($"&"I$6:$I$13)>=4,0.9,IF(COUNT($I$6:$I$13)>=3,0.95,1)))),""""))), """") "),158.4) -> 158.4 | T77: =IFERROR(__xludf.DUMMYFUNCTION("IFERROR(IF($I8="""","""",IF(VLOOKUP(LEFT(T$37,SEARCH(""☃"",SUBSTITUTE(T$37,"" "",""☃"",LEN(T$37)-LEN(SUBSTITUTE(T$37,"" "",""""))))-1),Excepciones!$A:$B,2,0)>=0,IFERROR((INDEX(filter(Precios!$D:$D,(Precios!$A:$A<=$I8)*(Precios!$B:$B>=$I8)*(Precios!$C:$C=T"&"$37)),1)+VLOOKUP(COUNT($I$6:$I$13),Precios!$F:$G,2,0)),""""),"""")),"""")"),184.4625) -> 184.4625 | U77: =IF(OR(U59="",U59=0),"",U59+(VLOOKUP(COUNT($I$6:$I$13),Precios!$F:$H,2,0))) | V77: =IFERROR(__xludf.DUMMYFUNCTION("IFERROR(IF($K$10=""Sí"","""",IF($I8="""","""",IF(VLOOKUP(LEFT(V$37,SEARCH(""☃"",SUBSTITUTE(V$37,"" "",""☃"",LEN(V$37)-LEN(SUBSTITUTE(V$37,"" "",""""))))-1),Excepciones!$A:$B,2,0)>=0,IF(INDEX(FILTER(Precios!$D:$D,(Precios!$A:$A<=$I8)*(Precios!$B:$B>=$I8)*("&"Precios!$C:$C=V$37)),1)*IF(COUNT($I$6:$I$13)>=5,0.85,IF(COUNT($I$6:$I$13)>=4,0.9,IF(COUNT($I$6:$I$13)>=3,0.95,1)))=0,"""",INDEX(FILTER(Precios!$D:$D,(Precios!$A:$A<=$I8)*(Precios!$B:$B>=$I8)*(Precios!$C:$C=V$37)),1)*IF(COUNT($I$6:$I$13)>=5,0.85,IF(COUNT($"&"I$6:$I$13)>=4,0.9,IF(COUNT($I$6:$I$13)>=3,0.95,1)))),""""))), """") "),"") | W77: =IFERROR(__xludf.DUMMYFUNCTION("IFERROR(IF($I8="""","""",IF(VLOOKUP(LEFT(W$37,SEARCH(""☃"",SUBSTITUTE(W$37,"" "",""☃"",LEN(W$37)-LEN(SUBSTITUTE(W$37,"" "",""""))))-1),Excepciones!$A:$B,2,0)>=0,IFERROR((INDEX(filter(Precios!$D:$D,(Precios!$A:$A<=$I8)*(Precios!$B:$B>=$I8)*(Precios!$C:$C=W"&"$37)),1)+VLOOKUP(COUNT($I$6:$I$13),Precios!$F:$G,2,0)),""No asegurable""),""No asegurable"")),"""")"),131.4625) -> 131.4625 | X77: =IFERROR(__xludf.DUMMYFUNCTION("IF($K$10=""Sí"","""",IFERROR(IF($I8="""","""",IF(VLOOKUP(LEFT(X$37,SEARCH(""☃"",SUBSTITUTE(X$37,"" "",""☃"",LEN(X$37)-LEN(SUBSTITUTE(X$37,"" "",""""))))-1),Excepciones!$A:$B,2,0)>=0,IFERROR(INDEX(filter(Precios!$D:$D,(Precios!$A:$A<=$I8)*(Precios!$B:$B>=$"&"I8)*(Precios!$C:$C=X$37)),1),""No asegurable""),""No asegurable"")),""""))"),95.0) -> 95 | Y77: =IFERROR(__xludf.DUMMYFUNCTION("IFERROR(IF($I8="""","""",IF(VLOOKUP(LEFT(Y$37,SEARCH(""☃"",SUBSTITUTE(Y$37,"" "",""☃"",LEN(Y$37)-LEN(SUBSTITUTE(Y$37,"" "",""""))))-1),Excepciones!$A:$B,2,0)>=0,IFERROR(INDEX(filter(Precios!$D:$D,(Precios!$A:$A<=$I8)*(Precios!$B:$B>=$I8)*(Precios!$C:$C=Y$"&"37)),1)*1,""No asegurable""),""No asegurable"")),"""")"),"") | Z77: =IFERROR(__xludf.DUMMYFUNCTION("IFERROR(IF($I8="""","""",IF(VLOOKUP(LEFT(Z$37,SEARCH(""☃"",SUBSTITUTE(Z$37,"" "",""☃"",LEN(Z$37)-LEN(SUBSTITUTE(Z$37,"" "",""""))))-1),Excepciones!$A:$B,2,0)>=0,IFERROR(INDEX(filter(Precios!$D:$D,(Precios!$A:$A<=$I8)*(Precios!$B:$B>=$I8)*(Precios!$C:$C=Z$"&"37)),1)*1,""No asegurable""),""No asegurable"")),"""")"),81.0) -> 81 | AA77: =IFERROR(__xludf.DUMMYFUNCTION("IFERROR(IF($I8="""","""",IF(VLOOKUP(LEFT(AA$37,SEARCH(""☃"",SUBSTITUTE(AA$37,"" "",""☃"",LEN(AA$37)-LEN(SUBSTITUTE(AA$37,"" "",""""))))-1),Excepciones!$A:$B,2,0)>=0,IFERROR(INDEX(filter(Precios!$D:$D,(Precios!$A:$A<=$I8)*(Precios!$B:$B>=$I8)*(Precios!$C:$"&"C=AA$37)),1)*1,""No asegurable""),""No asegurable"")),"""")"),115.0) -> 115 | AB77: =IFERROR(__xludf.DUMMYFUNCTION("IFERROR(IF($I8="""","""",IF(VLOOKUP(LEFT(AB$37,SEARCH(""☃"",SUBSTITUTE(AB$37,"" "",""☃"",LEN(AB$37)-LEN(SUBSTITUTE(AB$37,"" "",""""))))-1),Excepciones!$A:$B,2,0)>=0,IFERROR(INDEX(filter(Precios!$D:$D,(Precios!$A:$A<=$I8)*(Precios!$B:$B>=$I8)*(Precios!$C:$"&"C=AB$37)),1)*1,""No asegurable""),""No asegurable"")),"""")"),58.5) -> 58.5 | AC77: =IFERROR(__xludf.DUMMYFUNCTION("IFERROR(IF($I8="""","""",IF(VLOOKUP(LEFT(AC$37,SEARCH(""☃"",SUBSTITUTE(AC$37,"" "",""☃"",LEN(AC$37)-LEN(SUBSTITUTE(AC$37,"" "",""""))))-1),Excepciones!$A:$B,2,0)>=0,IFERROR(INDEX(filter(Precios!$D:$D,(Precios!$A:$A<=$I8)*(Precios!$B:$B>=$I8)*(Precios!$C:$"&"C=AC$37)),1)*1,""No asegurable""),""No asegurable"")),"""")"),81.5) -> 81.5
L78: 4 | N78: =IF(OR(N60="",N60=0),"",N60+(VLOOKUP(COUNT($I$6:$I$13),Precios!$F:$H,2,0))) -> 39.5625 | O78: =IF(OR(O60="",O60=0),"",O60+(VLOOKUP(COUNT($I$6:$I$13),Precios!$F:$H,2,0))) -> 151.1625 | P78: =IFERROR(__xludf.DUMMYFUNCTION("IFERROR(IF($K$10=""Sí"","""",IF($I9="""","""",IF(VLOOKUP(LEFT(P$37,SEARCH(""☃"",SUBSTITUTE(P$37,"" "",""☃"",LEN(P$37)-LEN(SUBSTITUTE(P$37,"" "",""""))))-1),Excepciones!$A:$B,2,0)>=0,IF(INDEX(FILTER(Precios!$D:$D,(Precios!$A:$A<=$I9)*(Precios!$B:$B>=$I9)*("&"Precios!$C:$C=P$37)),1)*IF(COUNT($I$6:$I$13)>=5,0.85,IF(COUNT($I$6:$I$13)>=4,0.9,IF(COUNT($I$6:$I$13)>=3,0.95,1)))=0,"""",INDEX(FILTER(Precios!$D:$D,(Precios!$A:$A<=$I9)*(Precios!$B:$B>=$I9)*(Precios!$C:$C=P$37)),1)*IF(COUNT($I$6:$I$13)>=5,0.85,IF(COUNT($"&"I$6:$I$13)>=4,0.9,IF(COUNT($I$6:$I$13)>=3,0.95,1)))),""""))), """") "),180.9) -> 180.9 | Q78: =IF(OR(Q60="",Q60=0),"",Q60+(VLOOKUP(COUNT($I$6:$I$13),Precios!$F:$H,2,0))) -> 154.7625 | R78: =IF(OR(R60="",R60=0),"",R60+(VLOOKUP(COUNT($I$6:$I$13),Precios!$F:$H,2,0))) -> 233.9625 | S78: =IFERROR(__xludf.DUMMYFUNCTION("IFERROR(IF($K$10=""Sí"","""",IF($I9="""","""",IF(VLOOKUP(LEFT(S$37,SEARCH(""☃"",SUBSTITUTE(S$37,"" "",""☃"",LEN(S$37)-LEN(SUBSTITUTE(S$37,"" "",""""))))-1),Excepciones!$A:$B,2,0)>=0,IF(INDEX(FILTER(Precios!$D:$D,(Precios!$A:$A<=$I9)*(Precios!$B:$B>=$I9)*("&"Precios!$C:$C=S$37)),1)*IF(COUNT($I$6:$I$13)>=5,0.85,IF(COUNT($I$6:$I$13)>=4,0.9,IF(COUNT($I$6:$I$13)>=3,0.95,1)))=0,"""",INDEX(FILTER(Precios!$D:$D,(Precios!$A:$A<=$I9)*(Precios!$B:$B>=$I9)*(Precios!$C:$C=S$37)),1)*IF(COUNT($I$6:$I$13)>=5,0.85,IF(COUNT($"&"I$6:$I$13)>=4,0.9,IF(COUNT($I$6:$I$13)>=3,0.95,1)))),""""))), """") "),255.6) -> 255.6 | T78: =IFERROR(__xludf.DUMMYFUNCTION("IFERROR(IF($I9="""","""",IF(VLOOKUP(LEFT(T$37,SEARCH(""☃"",SUBSTITUTE(T$37,"" "",""☃"",LEN(T$37)-LEN(SUBSTITUTE(T$37,"" "",""""))))-1),Excepciones!$A:$B,2,0)>=0,IFERROR((INDEX(filter(Precios!$D:$D,(Precios!$A:$A<=$I9)*(Precios!$B:$B>=$I9)*(Precios!$C:$C=T"&"$37)),1)+VLOOKUP(COUNT($I$6:$I$13),Precios!$F:$G,2,0)),""""),"""")),"""")"),305.4625) -> 305.4625 | U78: =IF(OR(U60="",U60=0),"",U60+(VLOOKUP(COUNT($I$6:$I$13),Precios!$F:$H,2,0))) | V78: =IFERROR(__xludf.DUMMYFUNCTION("IFERROR(IF($K$10=""Sí"","""",IF($I9="""","""",IF(VLOOKUP(LEFT(V$37,SEARCH(""☃"",SUBSTITUTE(V$37,"" "",""☃"",LEN(V$37)-LEN(SUBSTITUTE(V$37,"" "",""""))))-1),Excepciones!$A:$B,2,0)>=0,IF(INDEX(FILTER(Precios!$D:$D,(Precios!$A:$A<=$I9)*(Precios!$B:$B>=$I9)*("&"Precios!$C:$C=V$37)),1)*IF(COUNT($I$6:$I$13)>=5,0.85,IF(COUNT($I$6:$I$13)>=4,0.9,IF(COUNT($I$6:$I$13)>=3,0.95,1)))=0,"""",INDEX(FILTER(Precios!$D:$D,(Precios!$A:$A<=$I9)*(Precios!$B:$B>=$I9)*(Precios!$C:$C=V$37)),1)*IF(COUNT($I$6:$I$13)>=5,0.85,IF(COUNT($"&"I$6:$I$13)>=4,0.9,IF(COUNT($I$6:$I$13)>=3,0.95,1)))),""""))), """") "),"") | W78: =IFERROR(__xludf.DUMMYFUNCTION("IFERROR(IF($I9="""","""",IF(VLOOKUP(LEFT(W$37,SEARCH(""☃"",SUBSTITUTE(W$37,"" "",""☃"",LEN(W$37)-LEN(SUBSTITUTE(W$37,"" "",""""))))-1),Excepciones!$A:$B,2,0)>=0,IFERROR((INDEX(filter(Precios!$D:$D,(Precios!$A:$A<=$I9)*(Precios!$B:$B>=$I9)*(Precios!$C:$C=W"&"$37)),1)+VLOOKUP(COUNT($I$6:$I$13),Precios!$F:$G,2,0)),""No asegurable""),""No asegurable"")),"""")"),242.4625) -> 242.4625 | X78: =IFERROR(__xludf.DUMMYFUNCTION("IF($K$10=""Sí"","""",IFERROR(IF($I9="""","""",IF(VLOOKUP(LEFT(X$37,SEARCH(""☃"",SUBSTITUTE(X$37,"" "",""☃"",LEN(X$37)-LEN(SUBSTITUTE(X$37,"" "",""""))))-1),Excepciones!$A:$B,2,0)>=0,IFERROR(INDEX(filter(Precios!$D:$D,(Precios!$A:$A<=$I9)*(Precios!$B:$B>=$"&"I9)*(Precios!$C:$C=X$37)),1),""No asegurable""),""No asegurable"")),""""))"),129.0) -> 129 | Y78: =IFERROR(__xludf.DUMMYFUNCTION("IFERROR(IF($I9="""","""",IF(VLOOKUP(LEFT(Y$37,SEARCH(""☃"",SUBSTITUTE(Y$37,"" "",""☃"",LEN(Y$37)-LEN(SUBSTITUTE(Y$37,"" "",""""))))-1),Excepciones!$A:$B,2,0)>=0,IFERROR(INDEX(filter(Precios!$D:$D,(Precios!$A:$A<=$I9)*(Precios!$B:$B>=$I9)*(Precios!$C:$C=Y$"&"37)),1)*1,""No asegurable""),""No asegurable"")),"""")"),"") | Z78: =IFERROR(__xludf.DUMMYFUNCTION("IFERROR(IF($I9="""","""",IF(VLOOKUP(LEFT(Z$37,SEARCH(""☃"",SUBSTITUTE(Z$37,"" "",""☃"",LEN(Z$37)-LEN(SUBSTITUTE(Z$37,"" "",""""))))-1),Excepciones!$A:$B,2,0)>=0,IFERROR(INDEX(filter(Precios!$D:$D,(Precios!$A:$A<=$I9)*(Precios!$B:$B>=$I9)*(Precios!$C:$C=Z$"&"37)),1)*1,""No asegurable""),""No asegurable"")),"""")"),105.0) -> 105 | AA78: =IFERROR(__xludf.DUMMYFUNCTION("IFERROR(IF($I9="""","""",IF(VLOOKUP(LEFT(AA$37,SEARCH(""☃"",SUBSTITUTE(AA$37,"" "",""☃"",LEN(AA$37)-LEN(SUBSTITUTE(AA$37,"" "",""""))))-1),Excepciones!$A:$B,2,0)>=0,IFERROR(INDEX(filter(Precios!$D:$D,(Precios!$A:$A<=$I9)*(Precios!$B:$B>=$I9)*(Precios!$C:$"&"C=AA$37)),1)*1,""No asegurable""),""No asegurable"")),"""")"),137.0) -> 137 | AB78: =IFERROR(__xludf.DUMMYFUNCTION("IFERROR(IF($I9="""","""",IF(VLOOKUP(LEFT(AB$37,SEARCH(""☃"",SUBSTITUTE(AB$37,"" "",""☃"",LEN(AB$37)-LEN(SUBSTITUTE(AB$37,"" "",""""))))-1),Excepciones!$A:$B,2,0)>=0,IFERROR(INDEX(filter(Precios!$D:$D,(Precios!$A:$A<=$I9)*(Precios!$B:$B>=$I9)*(Precios!$C:$"&"C=AB$37)),1)*1,""No asegurable""),""No asegurable"")),"""")"),92.0) -> 92 | AC78: =IFERROR(__xludf.DUMMYFUNCTION("IFERROR(IF($I9="""","""",IF(VLOOKUP(LEFT(AC$37,SEARCH(""☃"",SUBSTITUTE(AC$37,"" "",""☃"",LEN(AC$37)-LEN(SUBSTITUTE(AC$37,"" "",""""))))-1),Excepciones!$A:$B,2,0)>=0,IFERROR(INDEX(filter(Precios!$D:$D,(Precios!$A:$A<=$I9)*(Precios!$B:$B>=$I9)*(Precios!$C:$"&"C=AC$37)),1)*1,""No asegurable""),""No asegurable"")),"""")"),115.0) -> 115
L79: 5 | N79: =IF(OR(N61="",N61=0),"",N61+(VLOOKUP(COUNT($I$6:$I$13),Precios!$F:$H,2,0))) | O79: =IF(OR(O61="",O61=0),"",O61+(VLOOKUP(COUNT($I$6:$I$13),Precios!$F:$H,2,0))) | P79: =IFERROR(__xludf.DUMMYFUNCTION("IFERROR(IF($K$10=""Sí"","""",IF($I10="""","""",IF(VLOOKUP(LEFT(P$37,SEARCH(""☃"",SUBSTITUTE(P$37,"" "",""☃"",LEN(P$37)-LEN(SUBSTITUTE(P$37,"" "",""""))))-1),Excepciones!$A:$B,2,0)>=0,IF(INDEX(FILTER(Precios!$D:$D,(Precios!$A:$A<=$I10)*(Precios!$B:$B>=$I10"&")*(Precios!$C:$C=P$37)),1)*IF(COUNT($I$6:$I$13)>=5,0.85,IF(COUNT($I$6:$I$13)>=4,0.9,IF(COUNT($I$6:$I$13)>=3,0.95,1)))=0,"""",INDEX(FILTER(Precios!$D:$D,(Precios!$A:$A<=$I10)*(Precios!$B:$B>=$I10)*(Precios!$C:$C=P$37)),1)*IF(COUNT($I$6:$I$13)>=5,0.85,IF(CO"&"UNT($I$6:$I$13)>=4,0.9,IF(COUNT($I$6:$I$13)>=3,0.95,1)))),""""))), """") "),"") | Q79: =IF(OR(Q61="",Q61=0),"",Q61+(VLOOKUP(COUNT($I$6:$I$13),Precios!$F:$H,2,0))) | R79: =IF(OR(R61="",R61=0),"",R61+(VLOOKUP(COUNT($I$6:$I$13),Precios!$F:$H,2,0))) | S79: =IFERROR(__xludf.DUMMYFUNCTION("IFERROR(IF($K$10=""Sí"","""",IF($I10="""","""",IF(VLOOKUP(LEFT(S$37,SEARCH(""☃"",SUBSTITUTE(S$37,"" "",""☃"",LEN(S$37)-LEN(SUBSTITUTE(S$37,"" "",""""))))-1),Excepciones!$A:$B,2,0)>=0,IF(INDEX(FILTER(Precios!$D:$D,(Precios!$A:$A<=$I10)*(Precios!$B:$B>=$I10"&")*(Precios!$C:$C=S$37)),1)*IF(COUNT($I$6:$I$13)>=5,0.85,IF(COUNT($I$6:$I$13)>=4,0.9,IF(COUNT($I$6:$I$13)>=3,0.95,1)))=0,"""",INDEX(FILTER(Precios!$D:$D,(Precios!$A:$A<=$I10)*(Precios!$B:$B>=$I10)*(Precios!$C:$C=S$37)),1)*IF(COUNT($I$6:$I$13)>=5,0.85,IF(CO"&"UNT($I$6:$I$13)>=4,0.9,IF(COUNT($I$6:$I$13)>=3,0.95,1)))),""""))), """") "),"") | T79: =IFERROR(__xludf.DUMMYFUNCTION("IFERROR(IF($I10="""","""",IF(VLOOKUP(LEFT(T$37,SEARCH(""☃"",SUBSTITUTE(T$37,"" "",""☃"",LEN(T$37)-LEN(SUBSTITUTE(T$37,"" "",""""))))-1),Excepciones!$A:$B,2,0)>=0,IFERROR((INDEX(filter(Precios!$D:$D,(Precios!$A:$A<=$I10)*(Precios!$B:$B>=$I10)*(Precios!$C:$"&"C=T$37)),1)+VLOOKUP(COUNT($I$6:$I$13),Precios!$F:$G,2,0)),""""),"""")),"""")"),"") | U79: =IF(OR(U61="",U61=0),"",U61+(VLOOKUP(COUNT($I$6:$I$13),Precios!$F:$H,2,0))) | V79: =IFERROR(__xludf.DUMMYFUNCTION("IFERROR(IF($K$10=""Sí"","""",IF($I10="""","""",IF(VLOOKUP(LEFT(V$37,SEARCH(""☃"",SUBSTITUTE(V$37,"" "",""☃"",LEN(V$37)-LEN(SUBSTITUTE(V$37,"" "",""""))))-1),Excepciones!$A:$B,2,0)>=0,IF(INDEX(FILTER(Precios!$D:$D,(Precios!$A:$A<=$I10)*(Precios!$B:$B>=$I10"&")*(Precios!$C:$C=V$37)),1)*IF(COUNT($I$6:$I$13)>=5,0.85,IF(COUNT($I$6:$I$13)>=4,0.9,IF(COUNT($I$6:$I$13)>=3,0.95,1)))=0,"""",INDEX(FILTER(Precios!$D:$D,(Precios!$A:$A<=$I10)*(Precios!$B:$B>=$I10)*(Precios!$C:$C=V$37)),1)*IF(COUNT($I$6:$I$13)>=5,0.85,IF(CO"&"UNT($I$6:$I$13)>=4,0.9,IF(COUNT($I$6:$I$13)>=3,0.95,1)))),""""))), """") "),"") | W79: =IFERROR(__xludf.DUMMYFUNCTION("IFERROR(IF($I10="""","""",IF(VLOOKUP(LEFT(W$37,SEARCH(""☃"",SUBSTITUTE(W$37,"" "",""☃"",LEN(W$37)-LEN(SUBSTITUTE(W$37,"" "",""""))))-1),Excepciones!$A:$B,2,0)>=0,IFERROR((INDEX(filter(Precios!$D:$D,(Precios!$A:$A<=$I10)*(Precios!$B:$B>=$I10)*(Precios!$C:$"&"C=W$37)),1)+VLOOKUP(COUNT($I$6:$I$13),Precios!$F:$G,2,0)),""No asegurable""),""No asegurable"")),"""")"),"") | X79: =IFERROR(__xludf.DUMMYFUNCTION("IF($K$10=""Sí"","""",IFERROR(IF($I10="""","""",IF(VLOOKUP(LEFT(X$37,SEARCH(""☃"",SUBSTITUTE(X$37,"" "",""☃"",LEN(X$37)-LEN(SUBSTITUTE(X$37,"" "",""""))))-1),Excepciones!$A:$B,2,0)>=0,IFERROR(INDEX(filter(Precios!$D:$D,(Precios!$A:$A<=$I10)*(Precios!$B:$B>"&"=$I10)*(Precios!$C:$C=X$37)),1),""No asegurable""),""No asegurable"")),""""))"),"") | Y79: =IFERROR(__xludf.DUMMYFUNCTION("IFERROR(IF($I10="""","""",IF(VLOOKUP(LEFT(Y$37,SEARCH(""☃"",SUBSTITUTE(Y$37,"" "",""☃"",LEN(Y$37)-LEN(SUBSTITUTE(Y$37,"" "",""""))))-1),Excepciones!$A:$B,2,0)>=0,IFERROR(INDEX(filter(Precios!$D:$D,(Precios!$A:$A<=$I10)*(Precios!$B:$B>=$I10)*(Precios!$C:$C"&"=Y$37)),1)*1,""No asegurable""),""No asegurable"")),"""")"),"") | Z79: =IFERROR(__xludf.DUMMYFUNCTION("IFERROR(IF($I10="""","""",IF(VLOOKUP(LEFT(Z$37,SEARCH(""☃"",SUBSTITUTE(Z$37,"" "",""☃"",LEN(Z$37)-LEN(SUBSTITUTE(Z$37,"" "",""""))))-1),Excepciones!$A:$B,2,0)>=0,IFERROR(INDEX(filter(Precios!$D:$D,(Precios!$A:$A<=$I10)*(Precios!$B:$B>=$I10)*(Precios!$C:$C"&"=Z$37)),1)*1,""No asegurable""),""No asegurable"")),"""")"),"") | AA79: =IFERROR(__xludf.DUMMYFUNCTION("IFERROR(IF($I10="""","""",IF(VLOOKUP(LEFT(AA$37,SEARCH(""☃"",SUBSTITUTE(AA$37,"" "",""☃"",LEN(AA$37)-LEN(SUBSTITUTE(AA$37,"" "",""""))))-1),Excepciones!$A:$B,2,0)>=0,IFERROR(INDEX(filter(Precios!$D:$D,(Precios!$A:$A<=$I10)*(Precios!$B:$B>=$I10)*(Precios!$"&"C:$C=AA$37)),1)*1,""No asegurable""),""No asegurable"")),"""")"),"") | AB79: =IFERROR(__xludf.DUMMYFUNCTION("IFERROR(IF($I10="""","""",IF(VLOOKUP(LEFT(AB$37,SEARCH(""☃"",SUBSTITUTE(AB$37,"" "",""☃"",LEN(AB$37)-LEN(SUBSTITUTE(AB$37,"" "",""""))))-1),Excepciones!$A:$B,2,0)>=0,IFERROR(INDEX(filter(Precios!$D:$D,(Precios!$A:$A<=$I10)*(Precios!$B:$B>=$I10)*(Precios!$"&"C:$C=AB$37)),1)*1,""No asegurable""),""No asegurable"")),"""")"),"") | AC79: =IFERROR(__xludf.DUMMYFUNCTION("IFERROR(IF($I10="""","""",IF(VLOOKUP(LEFT(AC$37,SEARCH(""☃"",SUBSTITUTE(AC$37,"" "",""☃"",LEN(AC$37)-LEN(SUBSTITUTE(AC$37,"" "",""""))))-1),Excepciones!$A:$B,2,0)>=0,IFERROR(INDEX(filter(Precios!$D:$D,(Precios!$A:$A<=$I10)*(Precios!$B:$B>=$I10)*(Precios!$"&"C:$C=AC$37)),1)*1,""No asegurable""),""No asegurable"")),"""")"),"")
